Zip.Code,Population,Growth.Rate,Med.HH.Inc,Avg.HH.Inc,Med.Age,Households,HH.Size,Health.Insurance,HS.Diploma,Bachelor.Degree,Grad.Degree,Businesses,Diversity.Index,Dental.Services,Management,Finance,Computer,Engineering,Social.Science,Community.Service,Legal,Education,Arts,Healthcare,Healthcare.Support,Protective.Service,Food.Prep,Maintenance,Personal.Care,Sales,Office.Admin,Farming,Construction,Repair,Production,Transportation
84758 (Orderville),631.00,0.01,46495.00,56736.00,40.90,237.00,2.66,670628.00,95.00,59.00,33.00,41.00,12.80,66208.00,31.00,1.00,0.00,3.00,5.00,0.00,0.00,31.00,0.00,3.00,4.00,3.00,42.00,25.00,8.00,25.00,17.00,6.00,25.00,11.00,17.00,32.00
84759 (Panguitch),2148.00,0.00,48260.00,57243.00,38.90,695.00,2.89,2032384.00,439.00,172.00,61.00,209.00,16.70,194888.00,75.00,23.00,0.00,11.00,3.00,6.00,0.00,50.00,13.00,75.00,27.00,39.00,143.00,91.00,22.00,88.00,63.00,49.00,91.00,46.00,27.00,47.00
84760 (Paragonah),621.00,0.00,66862.00,83848.00,44.10,220.00,2.82,849235.00,146.00,51.00,19.00,6.00,23.60,89556.00,54.00,9.00,2.00,3.00,0.00,3.00,0.00,9.00,3.00,22.00,16.00,9.00,10.00,12.00,0.00,21.00,22.00,1.00,10.00,8.00,5.00,21.00
84761 (Parowan),2864.00,0.00,46809.00,63449.00,41.10,1053.00,2.70,3187903.00,604.00,198.00,110.00,150.00,18.80,335165.00,167.00,29.00,9.00,0.00,0.00,7.00,0.00,69.00,37.00,45.00,11.00,11.00,30.00,29.00,19.00,171.00,107.00,76.00,77.00,46.00,28.00,65.00
84762 (Duck Creek Village),251.00,0.01,42808.00,47943.00,49.80,120.00,2.09,313202.00,43.00,73.00,20.00,33.00,26.10,28834.00,12.00,0.00,0.00,0.00,11.00,0.00,0.00,10.00,0.00,1.00,0.00,0.00,3.00,1.00,0.00,7.00,12.00,4.00,19.00,1.00,1.00,11.00
84763 (Rockville),266.00,0.02,55234.00,68892.00,43.10,129.00,1.88,422242.00,32.00,48.00,24.00,12.00,32.20,46310.00,10.00,1.00,5.00,1.00,1.00,2.00,0.00,9.00,7.00,2.00,0.00,1.00,13.00,7.00,10.00,22.00,9.00,0.00,5.00,1.00,3.00,10.00
84764 (Bryce),332.00,0.00,53896.00,61028.00,37.40,150.00,2.21,434934.00,69.00,31.00,23.00,35.00,36.20,47702.00,34.00,4.00,0.00,0.00,7.00,1.00,0.00,21.00,1.00,2.00,3.00,4.00,34.00,13.00,5.00,21.00,20.00,3.00,9.00,10.00,4.00,8.00
84765 (Santa Clara),7060.00,0.02,66735.00,82359.00,32.40,1983.00,3.56,7266413.00,542.00,1012.00,575.00,114.00,20.20,769732.00,297.00,189.00,27.00,16.00,17.00,0.00,56.00,262.00,10.00,198.00,123.00,33.00,163.00,45.00,80.00,334.00,214.00,0.00,73.00,67.00,112.00,178.00
84766 (Sevier),162.00,0.00,52874.00,62791.00,39.00,55.00,2.95,187994.00,44.00,4.00,3.00,2.00,26.10,17060.00,3.00,0.00,0.00,0.00,0.00,1.00,1.00,1.00,1.00,1.00,2.00,3.00,11.00,2.00,0.00,3.00,10.00,16.00,8.00,5.00,6.00,5.00
84767 (Springdale),488.00,0.02,55064.00,68912.00,43.30,233.00,1.91,762876.00,59.00,88.00,44.00,113.00,32.50,83670.00,19.00,2.00,10.00,1.00,1.00,3.00,0.00,17.00,12.00,4.00,0.00,1.00,23.00,13.00,18.00,42.00,16.00,0.00,9.00,3.00,6.00,19.00
84782 (Veyo),984.00,0.03,50647.00,73670.00,53.90,334.00,2.95,1332190.00,221.00,125.00,96.00,27.00,17.40,122896.00,26.00,8.00,7.00,0.00,0.00,6.00,2.00,4.00,3.00,24.00,1.00,3.00,5.00,14.00,22.00,34.00,23.00,1.00,22.00,6.00,22.00,15.00
84772 (Summit),327.00,0.00,41151.00,56136.00,41.80,120.00,2.69,328707.00,56.00,15.00,13.00,4.00,20.40,32478.00,15.00,6.00,0.00,0.00,0.00,0.00,0.00,9.00,6.00,0.00,2.00,2.00,0.00,4.00,1.00,26.00,17.00,5.00,11.00,8.00,2.00,8.00
84773 (Teasdale),309.00,0.00,40934.00,55045.00,46.90,136.00,2.27,355680.00,62.00,42.00,28.00,8.00,16.30,39010.00,30.00,6.00,1.00,0.00,0.00,3.00,0.00,4.00,1.00,3.00,5.00,3.00,16.00,9.00,13.00,16.00,22.00,8.00,11.00,3.00,4.00,11.00
84774 (Toquerville),1595.00,0.03,51083.00,67111.00,40.50,512.00,3.12,1551357.00,173.00,277.00,69.00,21.00,13.90,163832.00,85.00,44.00,0.00,0.00,3.00,10.00,0.00,44.00,9.00,39.00,18.00,8.00,20.00,12.00,20.00,81.00,87.00,16.00,34.00,22.00,7.00,70.00
84775 (Torrey),442.00,0.00,41750.00,55045.00,45.60,210.00,2.10,549212.00,85.00,61.00,40.00,64.00,17.60,60236.00,45.00,8.00,1.00,0.00,0.00,5.00,1.00,6.00,2.00,4.00,7.00,4.00,23.00,12.00,18.00,23.00,32.00,11.00,15.00,4.00,5.00,16.00
84776 (Tropic),535.00,0.00,53050.00,61309.00,37.30,177.00,3.02,515585.00,111.00,50.00,37.00,60.00,35.90,56548.00,55.00,6.00,1.00,0.00,11.00,1.00,0.00,33.00,2.00,3.00,5.00,7.00,54.00,21.00,8.00,34.00,32.00,5.00,14.00,17.00,7.00,12.00
84779 (Virgin),597.00,0.02,52948.00,66300.00,41.60,208.00,2.64,649958.00,74.00,99.00,49.00,25.00,32.60,70517.00,21.00,2.00,11.00,1.00,1.00,5.00,0.00,19.00,13.00,6.00,0.00,2.00,28.00,15.00,20.00,51.00,20.00,0.00,10.00,3.00,8.00,23.00
84780 (Washington),23692.00,0.03,52989.00,70429.00,31.60,7555.00,3.13,23802734.00,3422.00,2677.00,1180.00,487.00,32.40,2499743.00,930.00,386.00,153.00,59.00,6.00,87.00,1.00,665.00,91.00,340.00,173.00,191.00,710.00,399.00,142.00,1328.00,1170.00,0.00,351.00,338.00,452.00,358.00
84790 (Saint George),42940.00,0.02,55807.00,77178.00,35.70,14583.00,2.93,50730678.00,5392.00,5264.00,3579.00,1644.00,32.60,5253381.00,1578.00,618.00,307.00,175.00,64.00,240.00,212.00,1108.00,286.00,942.00,307.00,334.00,693.00,786.00,735.00,1873.00,2140.00,31.00,982.00,302.00,612.00,1037.00
84770 (Saint George),43627.00,0.02,48175.00,61643.00,32.10,15134.00,2.82,42456923.00,6007.00,4327.00,1990.00,2490.00,49.50,4331532.00,807.00,374.00,238.00,154.00,36.00,194.00,128.00,826.00,233.00,854.00,509.00,230.00,1686.00,762.00,665.00,2641.00,2070.00,15.00,1291.00,496.00,834.00,1095.00
84639 (Levan),405.00,0.01,62987.00,73272.00,35.30,132.00,2.97,473410.00,123.00,23.00,5.00,12.00,21.30,47450.00,23.00,0.00,0.00,0.00,0.00,1.00,0.00,0.00,0.00,0.00,2.00,1.00,22.00,5.00,10.00,13.00,22.00,8.00,21.00,7.00,9.00,16.00
84781 (Pine Valley),210.00,0.02,54583.00,60140.00,53.80,98.00,2.14,320854.00,41.00,27.00,10.00,11.00,10.00,29539.00,11.00,1.00,2.00,0.00,0.00,1.00,0.00,1.00,0.00,9.00,0.00,0.00,1.00,2.00,10.00,17.00,5.00,0.00,8.00,0.00,10.00,7.00
84783 (Dammeron Valley),788.00,0.04,45309.00,81935.00,55.00,269.00,2.93,1199317.00,189.00,101.00,97.00,14.00,20.80,110483.00,12.00,7.00,4.00,0.00,0.00,4.00,2.00,1.00,3.00,13.00,1.00,3.00,4.00,13.00,8.00,11.00,20.00,0.00,14.00,6.00,8.00,5.00
84741 (Kanab),6022.00,0.00,47136.00,60132.00,46.70,2437.00,2.37,7044741.00,1179.00,763.00,349.00,392.00,20.30,751506.00,322.00,81.00,27.00,55.00,106.00,45.00,3.00,295.00,24.00,203.00,86.00,208.00,148.00,39.00,120.00,237.00,595.00,85.00,107.00,80.00,93.00,155.00
84742 (Kanarraville),361.00,0.00,43884.00,53895.00,46.30,142.00,2.54,408743.00,82.00,38.00,14.00,5.00,21.00,35418.00,14.00,4.00,0.00,0.00,0.00,1.00,0.00,11.00,8.00,8.00,0.00,5.00,7.00,6.00,0.00,12.00,17.00,0.00,16.00,0.00,2.00,2.00
84743 (Kingston),172.00,0.00,37156.00,50031.00,49.40,63.00,2.60,171592.00,34.00,10.00,17.00,0.00,5.70,15797.00,6.00,2.00,0.00,0.00,0.00,3.00,0.00,16.00,0.00,0.00,0.00,3.00,6.00,7.00,0.00,3.00,5.00,1.00,4.00,0.00,2.00,2.00
84744 (Koosharem),369.00,0.00,53021.00,58403.00,36.30,109.00,3.19,346561.00,77.00,14.00,12.00,17.00,23.60,31906.00,19.00,2.00,0.00,1.00,1.00,3.00,1.00,12.00,3.00,8.00,0.00,3.00,4.00,17.00,7.00,13.00,13.00,8.00,9.00,15.00,4.00,21.00
84745 (La Verkin),4325.00,0.01,50429.00,58732.00,31.30,1332.00,3.25,3479021.00,766.00,311.00,99.00,63.00,31.70,346839.00,68.00,43.00,24.00,16.00,16.00,108.00,0.00,58.00,0.00,85.00,6.00,12.00,113.00,76.00,65.00,223.00,245.00,0.00,63.00,42.00,95.00,183.00
84746 (Leeds),1279.00,0.02,55204.00,66226.00,52.20,447.00,2.86,1457297.00,203.00,115.00,103.00,24.00,13.20,148873.00,87.00,8.00,7.00,4.00,5.00,0.00,0.00,21.00,4.00,52.00,4.00,2.00,31.00,0.00,14.00,97.00,20.00,9.00,14.00,19.00,10.00,2.00
84747 (Loa),1019.00,0.00,47435.00,60897.00,29.90,343.00,2.95,928976.00,115.00,68.00,43.00,76.00,22.40,92600.00,70.00,23.00,1.00,3.00,3.00,9.00,0.00,46.00,8.00,30.00,14.00,4.00,38.00,20.00,6.00,42.00,109.00,9.00,71.00,12.00,28.00,48.00
84739 (Joseph),453.00,0.00,52505.00,63327.00,38.50,148.00,3.06,510195.00,120.00,13.00,8.00,13.00,29.10,46299.00,10.00,1.00,0.00,1.00,1.00,2.00,1.00,3.00,2.00,4.00,5.00,8.00,31.00,5.00,1.00,9.00,29.00,43.00,21.00,14.00,15.00,13.00
84750 (Marysvale),467.00,0.00,39574.00,50309.00,49.00,186.00,2.39,509420.00,92.00,28.00,46.00,33.00,7.90,46899.00,15.00,5.00,0.00,0.00,0.00,7.00,0.00,46.00,1.00,0.00,0.00,7.00,15.00,19.00,0.00,9.00,14.00,4.00,11.00,1.00,5.00,5.00
84751 (Milford),1832.00,0.00,44770.00,57515.00,31.90,627.00,2.90,1963066.00,397.00,212.00,85.00,95.00,39.00,178154.00,94.00,34.00,0.00,0.00,13.00,8.00,0.00,21.00,0.00,62.00,17.00,35.00,71.00,16.00,67.00,41.00,85.00,73.00,36.00,33.00,54.00,178.00
84752 (Minersville),900.00,0.00,57033.00,71136.00,30.50,266.00,3.38,1030047.00,212.00,57.00,23.00,28.00,40.20,93475.00,41.00,5.00,0.00,0.00,1.00,1.00,0.00,48.00,2.00,23.00,11.00,10.00,19.00,2.00,10.00,54.00,61.00,67.00,1.00,33.00,10.00,26.00
84753 (Modena),21.00,0.00,51632.00,57954.00,28.80,11.00,1.91,30520.00,2.00,3.00,1.00,2.00,24.90,2913.00,2.00,0.00,0.00,0.00,0.00,0.00,0.00,1.00,0.00,0.00,0.00,0.00,0.00,0.00,0.00,1.00,0.00,1.00,0.00,0.00,1.00,2.00
84754 (Monroe),3496.00,0.00,49242.00,58370.00,36.50,1230.00,2.79,3674590.00,721.00,230.00,144.00,78.00,22.00,351848.00,144.00,17.00,20.00,30.00,13.00,12.00,7.00,86.00,5.00,131.00,41.00,51.00,101.00,61.00,60.00,102.00,228.00,46.00,81.00,55.00,74.00,76.00
84755 (Mount Carmel),55.00,0.00,47480.00,54564.00,44.20,21.00,2.62,57883.00,8.00,6.00,3.00,17.00,16.80,5656.00,3.00,0.00,0.00,0.00,1.00,0.00,0.00,3.00,0.00,0.00,0.00,0.00,3.00,2.00,1.00,2.00,2.00,1.00,2.00,1.00,1.00,3.00
84756 (Newcastle),303.00,0.00,40757.00,54671.00,31.50,94.00,3.21,246550.00,33.00,38.00,9.00,5.00,48.30,22584.00,11.00,0.00,1.00,0.00,1.00,0.00,0.00,18.00,0.00,0.00,3.00,0.00,3.00,0.00,2.00,12.00,3.00,13.00,0.00,10.00,11.00,25.00
84757 (New Harmony),1265.00,0.02,64644.00,78342.00,49.00,470.00,2.69,1678135.00,156.00,182.00,204.00,31.00,16.20,175332.00,33.00,8.00,34.00,28.00,0.00,1.00,0.00,15.00,6.00,25.00,6.00,2.00,11.00,27.00,37.00,66.00,81.00,0.00,41.00,24.00,54.00,29.00
84749 (Lyman),313.00,0.00,46990.00,60856.00,30.10,102.00,3.05,276755.00,36.00,22.00,14.00,7.00,22.40,27694.00,22.00,7.00,0.00,1.00,1.00,3.00,0.00,14.00,2.00,9.00,4.00,1.00,12.00,6.00,2.00,13.00,34.00,3.00,21.00,4.00,8.00,15.00
84716 (Boulder),298.00,0.00,47495.00,60010.00,47.30,132.00,2.26,376357.00,54.00,42.00,19.00,14.00,16.10,41277.00,29.00,5.00,0.00,0.00,1.00,0.00,0.00,7.00,3.00,3.00,0.00,2.00,11.00,8.00,4.00,12.00,28.00,5.00,10.00,16.00,6.00,4.00
84737 (Hurricane),20674.00,0.03,51256.00,63801.00,30.60,6150.00,3.25,18606704.00,3216.00,1854.00,892.00,610.00,26.30,1840209.00,531.00,91.00,123.00,98.00,48.00,254.00,17.00,464.00,154.00,352.00,178.00,129.00,342.00,263.00,272.00,779.00,791.00,71.00,511.00,172.00,378.00,583.00
84719 (Brian Head),92.00,0.00,43924.00,60070.00,51.90,44.00,2.09,143889.00,3.00,13.00,8.00,32.00,28.50,13247.00,2.00,0.00,0.00,0.00,0.00,0.00,0.00,0.00,0.00,0.00,0.00,0.00,0.00,7.00,0.00,7.00,4.00,0.00,0.00,10.00,0.00,1.00
84720 (Cedar City),21218.00,0.01,42498.00,54620.00,26.60,7052.00,2.93,16413755.00,2165.00,2495.00,1288.00,929.00,28.30,1665246.00,791.00,387.00,142.00,32.00,9.00,104.00,18.00,1323.00,194.00,335.00,136.00,167.00,586.00,515.00,243.00,1040.00,1097.00,154.00,412.00,352.00,346.00,577.00
84721 (Cedar City),22193.00,0.01,40392.00,54532.00,28.00,6804.00,3.23,16170364.00,2656.00,2197.00,1143.00,770.00,37.50,1634109.00,679.00,340.00,46.00,50.00,32.00,55.00,8.00,683.00,173.00,594.00,268.00,219.00,704.00,542.00,174.00,863.00,1232.00,249.00,385.00,346.00,468.00,689.00
84722 (Central),1049.00,0.02,52245.00,60161.00,43.70,382.00,2.75,1156905.00,177.00,102.00,52.00,10.00,18.80,109695.00,41.00,10.00,6.00,0.00,0.00,4.00,4.00,22.00,3.00,29.00,3.00,7.00,11.00,11.00,30.00,60.00,25.00,12.00,33.00,12.00,38.00,29.00
84723 (Circleville),544.00,0.00,32217.00,48186.00,38.60,190.00,2.86,488977.00,140.00,40.00,3.00,30.00,39.80,42370.00,29.00,13.00,0.00,0.00,0.00,3.00,0.00,16.00,0.00,9.00,3.00,8.00,17.00,8.00,3.00,17.00,27.00,10.00,10.00,1.00,5.00,13.00
84724 (Elsinore),1315.00,0.00,41045.00,51699.00,34.50,465.00,2.82,1200236.00,233.00,98.00,17.00,25.00,24.40,108726.00,26.00,16.00,0.00,8.00,3.00,5.00,0.00,9.00,0.00,23.00,11.00,19.00,47.00,13.00,7.00,41.00,70.00,73.00,76.00,17.00,31.00,37.00
84725 (Enterprise),1790.00,0.02,45620.00,60683.00,29.30,503.00,3.56,1357260.00,244.00,107.00,92.00,56.00,27.50,135249.00,38.00,22.00,1.00,0.00,0.00,3.00,16.00,72.00,12.00,17.00,9.00,25.00,32.00,26.00,12.00,54.00,47.00,43.00,44.00,44.00,44.00,40.00
84726 (Escalante),995.00,0.00,46947.00,60171.00,47.20,403.00,2.47,1152114.00,180.00,140.00,64.00,87.00,17.50,126361.00,94.00,18.00,0.00,0.00,4.00,0.00,0.00,25.00,11.00,11.00,0.00,7.00,39.00,26.00,15.00,42.00,88.00,18.00,34.00,51.00,20.00,12.00
84718 (Cannonville),168.00,0.00,52349.00,61602.00,37.00,62.00,2.71,181463.00,35.00,16.00,11.00,11.00,35.00,19902.00,18.00,2.00,0.00,0.00,3.00,0.00,0.00,10.00,1.00,1.00,2.00,2.00,17.00,7.00,2.00,11.00,10.00,2.00,4.00,5.00,2.00,4.00
84729 (Glendale),410.00,0.01,47827.00,57940.00,39.20,135.00,3.04,384449.00,60.00,28.00,20.00,19.00,11.50,38404.00,20.00,1.00,0.00,2.00,2.00,0.00,0.00,20.00,0.00,2.00,3.00,2.00,30.00,18.00,6.00,17.00,10.00,4.00,14.00,8.00,13.00,21.00
84730 (Glenwood),546.00,0.00,57553.00,66283.00,36.30,194.00,2.81,629404.00,83.00,40.00,31.00,6.00,4.00,63085.00,16.00,2.00,0.00,9.00,5.00,0.00,0.00,22.00,2.00,22.00,11.00,9.00,13.00,12.00,13.00,26.00,24.00,1.00,18.00,6.00,10.00,35.00
84731 (Greenville),145.00,0.00,50894.00,63497.00,35.40,43.00,3.28,148635.00,31.00,15.00,9.00,2.00,22.30,13584.00,14.00,1.00,0.00,0.00,1.00,2.00,0.00,3.00,5.00,3.00,1.00,1.00,5.00,2.00,0.00,10.00,3.00,1.00,1.00,3.00,0.00,6.00
84732 (Greenwich),118.00,0.00,38552.00,50581.00,49.20,37.00,3.05,101884.00,23.00,7.00,12.00,0.00,8.20,9379.00,4.00,1.00,0.00,0.00,0.00,2.00,0.00,13.00,0.00,0.00,0.00,2.00,4.00,5.00,0.00,2.00,3.00,1.00,3.00,0.00,1.00,1.00
84733 (Gunlock),37.00,0.04,45195.00,81941.00,46.30,11.00,3.36,49069.00,7.00,5.00,5.00,4.00,10.20,4517.00,2.00,0.00,0.00,0.00,0.00,0.00,0.00,0.00,0.00,1.00,0.00,0.00,0.00,1.00,0.00,1.00,1.00,0.00,1.00,0.00,0.00,0.00
84734 (Hanksville),257.00,0.00,41411.00,55045.00,45.90,97.00,2.65,253683.00,51.00,35.00,23.00,35.00,16.60,27823.00,27.00,5.00,1.00,0.00,0.00,3.00,0.00,4.00,1.00,2.00,4.00,2.00,13.00,7.00,10.00,14.00,19.00,6.00,9.00,2.00,3.00,9.00
84735 (Hatch),236.00,0.00,50578.00,60721.00,39.30,105.00,1.97,347093.00,47.00,13.00,5.00,22.00,22.20,31955.00,12.00,3.00,0.00,0.00,1.00,0.00,0.00,6.00,3.00,7.00,1.00,4.00,17.00,5.00,4.00,2.00,7.00,10.00,13.00,4.00,1.00,3.00
84736 (Henrieville),246.00,0.00,53063.00,61372.00,37.50,81.00,3.04,236188.00,51.00,23.00,17.00,5.00,36.50,25904.00,26.00,3.00,0.00,0.00,5.00,1.00,0.00,15.00,1.00,1.00,2.00,3.00,25.00,10.00,4.00,15.00,15.00,2.00,6.00,8.00,3.00,6.00
84728 (Garrison),163.00,0.00,54145.00,63811.00,38.10,65.00,2.51,225653.00,18.00,16.00,4.00,14.00,34.10,20449.00,5.00,0.00,1.00,0.00,0.00,0.00,0.00,10.00,0.00,2.00,0.00,0.00,0.00,10.00,0.00,5.00,18.00,18.00,3.00,0.00,8.00,6.00
84651 (Payson),26028.00,0.02,63741.00,74511.00,27.20,6982.00,3.72,22574419.00,2787.00,2599.00,1088.00,600.00,35.20,2328790.00,1051.00,371.00,382.00,150.00,31.00,132.00,71.00,808.00,132.00,487.00,229.00,217.00,444.00,384.00,213.00,1072.00,1570.00,318.00,676.00,419.00,865.00,803.00
84740 (Junction),191.00,0.00,33071.00,48602.00,38.60,67.00,2.85,173917.00,49.00,14.00,1.00,26.00,39.70,15070.00,10.00,5.00,0.00,0.00,0.00,1.00,0.00,5.00,0.00,3.00,1.00,3.00,6.00,3.00,1.00,6.00,9.00,4.00,4.00,0.00,2.00,4.00
84653 (Salem),9233.00,0.02,80995.00,96475.00,29.70,2448.00,3.75,10191285.00,926.00,1235.00,694.00,215.00,16.00,1084408.00,452.00,132.00,117.00,84.00,20.00,33.00,34.00,284.00,98.00,279.00,68.00,78.00,111.00,79.00,64.00,402.00,434.00,118.00,195.00,197.00,193.00,249.00
84654 (Salina),2689.00,0.00,45563.00,58810.00,32.20,973.00,2.76,2802870.00,581.00,79.00,52.00,164.00,26.60,254770.00,30.00,4.00,0.00,1.00,0.00,11.00,0.00,34.00,4.00,36.00,28.00,19.00,25.00,140.00,37.00,159.00,129.00,0.00,189.00,58.00,68.00,175.00
84655 (Santaquin),12141.00,0.02,62178.00,72476.00,25.20,3075.00,3.93,9607756.00,1475.00,920.00,319.00,150.00,40.10,995941.00,450.00,156.00,71.00,72.00,11.00,58.00,8.00,230.00,88.00,224.00,49.00,114.00,138.00,165.00,145.00,478.00,442.00,301.00,357.00,170.00,513.00,460.00
84656 (Scipio),339.00,0.00,57119.00,65678.00,37.70,124.00,2.73,443330.00,56.00,44.00,5.00,8.00,21.20,40231.00,19.00,2.00,0.00,7.00,1.00,0.00,0.00,7.00,3.00,10.00,11.00,10.00,6.00,9.00,5.00,15.00,13.00,13.00,5.00,5.00,6.00,16.00
84657 (Sigurd),515.00,0.00,53046.00,58266.00,36.10,174.00,2.79,551928.00,107.00,20.00,17.00,14.00,22.90,50813.00,27.00,3.00,0.00,2.00,1.00,4.00,2.00,16.00,4.00,11.00,0.00,4.00,5.00,23.00,10.00,18.00,19.00,11.00,12.00,21.00,6.00,30.00
84660 (Spanish Fork),41449.00,0.02,61653.00,74557.00,26.10,10915.00,3.73,34554626.00,4229.00,4378.00,1735.00,979.00,34.20,3654855.00,1437.00,950.00,908.00,296.00,19.00,143.00,180.00,1228.00,269.00,730.00,429.00,305.00,432.00,540.00,516.00,2020.00,2672.00,167.00,1035.00,555.00,1565.00,935.00
84662 (Spring City),1375.00,0.00,46482.00,57388.00,40.30,452.00,3.04,1412035.00,163.00,80.00,80.00,35.00,25.50,128140.00,23.00,4.00,0.00,4.00,0.00,0.00,0.00,25.00,22.00,33.00,6.00,16.00,8.00,26.00,13.00,9.00,28.00,25.00,30.00,18.00,32.00,18.00
84715 (Bicknell),451.00,0.00,41815.00,55044.00,46.30,172.00,2.62,449823.00,88.00,62.00,41.00,41.00,17.30,49335.00,44.00,9.00,1.00,0.00,0.00,5.00,1.00,6.00,2.00,4.00,7.00,4.00,23.00,13.00,18.00,24.00,33.00,11.00,16.00,4.00,5.00,17.00
84652 (Redmond),868.00,0.00,41294.00,53268.00,33.50,293.00,2.96,848798.00,224.00,49.00,42.00,12.00,11.50,76913.00,47.00,1.00,1.00,0.00,0.00,15.00,0.00,15.00,0.00,11.00,5.00,14.00,17.00,16.00,8.00,52.00,38.00,0.00,81.00,14.00,21.00,36.00
84665 (Sterling),328.00,0.00,47236.00,56340.00,36.60,101.00,2.97,270359.00,68.00,28.00,18.00,5.00,20.50,29652.00,19.00,1.00,1.00,5.00,1.00,1.00,0.00,10.00,1.00,5.00,2.00,6.00,9.00,5.00,2.00,5.00,9.00,1.00,11.00,3.00,5.00,10.00
84667 (Wales),361.00,0.00,58810.00,76368.00,30.10,103.00,3.46,385012.00,49.00,39.00,16.00,10.00,40.00,38590.00,28.00,4.00,0.00,4.00,0.00,3.00,0.00,5.00,1.00,4.00,7.00,13.00,9.00,3.00,6.00,10.00,13.00,3.00,8.00,7.00,3.00,8.00
84701 (Richfield),8343.00,0.00,48166.00,58120.00,32.80,2869.00,2.84,7740974.00,1325.00,643.00,391.00,639.00,19.30,769449.00,368.00,64.00,32.00,115.00,10.00,56.00,1.00,266.00,35.00,159.00,51.00,116.00,220.00,110.00,103.00,394.00,523.00,82.00,296.00,134.00,164.00,248.00
84710 (Alton),139.00,0.01,42591.00,47530.00,46.90,48.00,2.90,124201.00,24.00,36.00,11.00,5.00,25.60,11434.00,7.00,0.00,0.00,0.00,6.00,0.00,0.00,5.00,0.00,1.00,0.00,0.00,2.00,0.00,0.00,4.00,7.00,2.00,11.00,0.00,1.00,6.00
84711 (Annabella),877.00,0.00,58092.00,66494.00,36.40,279.00,3.14,908056.00,134.00,64.00,49.00,11.00,4.70,91015.00,26.00,4.00,0.00,14.00,8.00,0.00,0.00,36.00,4.00,36.00,18.00,15.00,21.00,20.00,20.00,39.00,39.00,2.00,29.00,10.00,17.00,53.00
84712 (Antimony),195.00,0.00,50936.00,58339.00,38.30,78.00,2.47,224688.00,39.00,16.00,15.00,11.00,27.90,23468.00,16.00,2.00,0.00,0.00,3.00,1.00,0.00,14.00,1.00,1.00,1.00,3.00,16.00,8.00,2.00,10.00,10.00,2.00,5.00,4.00,2.00,4.00
84713 (Beaver),3790.00,0.00,53204.00,63588.00,34.40,1320.00,2.86,3880077.00,715.00,253.00,99.00,258.00,37.80,380483.00,222.00,16.00,9.00,27.00,0.00,7.00,0.00,93.00,52.00,81.00,43.00,77.00,228.00,22.00,48.00,125.00,203.00,79.00,43.00,44.00,96.00,191.00
84714 (Beryl),918.00,0.00,42714.00,56631.00,32.00,300.00,3.05,813522.00,105.00,122.00,29.00,26.00,46.10,77392.00,37.00,1.00,3.00,2.00,5.00,0.00,0.00,54.00,1.00,2.00,10.00,2.00,9.00,1.00,7.00,36.00,14.00,32.00,4.00,26.00,32.00,70.00
84664 (Mapleton),9795.00,0.04,98627.00,112083.00,27.40,2459.00,3.98,11500751.00,727.00,1347.00,718.00,192.00,21.20,1259722.00,522.00,260.00,187.00,99.00,13.00,181.00,32.00,347.00,103.00,184.00,63.00,45.00,110.00,111.00,100.00,354.00,583.00,2.00,221.00,93.00,210.00,140.00
84627 (Ephraim),7156.00,0.02,42084.00,55043.00,21.70,1862.00,3.59,4320215.00,334.00,459.00,270.00,225.00,35.80,444284.00,278.00,99.00,45.00,17.00,0.00,38.00,32.00,204.00,52.00,161.00,112.00,84.00,155.00,83.00,165.00,239.00,421.00,68.00,160.00,62.00,146.00,92.00
84738 (Ivins),7925.00,0.03,54570.00,74441.00,42.40,2816.00,2.81,9963210.00,1056.00,1026.00,653.00,101.00,23.90,1057600.00,187.00,93.00,46.00,28.00,0.00,31.00,2.00,203.00,30.00,120.00,111.00,120.00,99.00,40.00,174.00,325.00,382.00,41.00,229.00,84.00,246.00,125.00
84623 (Chester),428.00,0.00,57666.00,74712.00,31.00,120.00,3.53,442932.00,58.00,45.00,19.00,10.00,38.60,44009.00,32.00,4.00,0.00,4.00,0.00,4.00,0.00,6.00,1.00,5.00,7.00,15.00,10.00,3.00,7.00,11.00,16.00,4.00,10.00,8.00,4.00,10.00
84622 (Centerfield),1508.00,0.00,41603.00,53345.00,31.50,455.00,3.09,1177019.00,289.00,87.00,14.00,40.00,39.50,106181.00,21.00,9.00,0.00,13.00,3.00,8.00,0.00,21.00,0.00,45.00,17.00,34.00,17.00,41.00,19.00,26.00,39.00,94.00,25.00,18.00,46.00,69.00
84533 (Lake Powell),122.00,0.00,44793.00,57939.00,45.60,60.00,2.03,163650.00,21.00,18.00,11.00,25.00,28.20,17622.00,9.00,2.00,0.00,0.00,1.00,0.00,0.00,4.00,2.00,2.00,0.00,3.00,4.00,2.00,1.00,5.00,8.00,2.00,5.00,5.00,4.00,3.00
84635 (Hinckley),902.00,0.00,56475.00,67031.00,37.60,315.00,2.86,1061099.00,163.00,76.00,14.00,15.00,27.60,103759.00,29.00,9.00,7.00,2.00,0.00,0.00,0.00,27.00,17.00,13.00,3.00,8.00,21.00,11.00,6.00,37.00,40.00,37.00,50.00,32.00,58.00,22.00
84636 (Holden),419.00,0.00,57077.00,65793.00,37.10,158.00,2.65,565878.00,70.00,55.00,7.00,4.00,20.70,51352.00,22.00,2.00,1.00,9.00,1.00,1.00,1.00,8.00,4.00,12.00,14.00,13.00,8.00,11.00,6.00,18.00,16.00,15.00,7.00,6.00,8.00,18.00
84637 (Kanosh),671.00,0.00,40030.00,51935.00,40.40,231.00,2.90,640960.00,135.00,43.00,45.00,9.00,31.10,55586.00,19.00,3.00,2.00,4.00,2.00,1.00,0.00,12.00,0.00,9.00,13.00,11.00,25.00,3.00,3.00,17.00,35.00,19.00,26.00,8.00,16.00,28.00
84638 (Leamington),237.00,0.00,58450.00,71378.00,33.50,80.00,2.96,279499.00,29.00,34.00,6.00,2.00,14.20,28014.00,6.00,3.00,1.00,3.00,0.00,3.00,0.00,4.00,0.00,8.00,7.00,4.00,2.00,9.00,1.00,5.00,9.00,15.00,6.00,2.00,12.00,5.00
84640 (Lynndyl),115.00,0.00,57192.00,72281.00,33.80,44.00,2.61,155669.00,14.00,16.00,3.00,5.00,11.60,15602.00,3.00,1.00,0.00,1.00,0.00,2.00,0.00,2.00,0.00,4.00,3.00,2.00,1.00,4.00,1.00,2.00,4.00,8.00,3.00,1.00,6.00,3.00
84624 (Delta),6022.00,0.00,46480.00,62382.00,33.50,1990.00,2.98,5833172.00,937.00,634.00,124.00,293.00,48.40,577542.00,197.00,43.00,24.00,61.00,0.00,7.00,9.00,298.00,11.00,143.00,37.00,39.00,103.00,203.00,107.00,211.00,264.00,388.00,217.00,151.00,252.00,152.00
84643 (Mayfield),621.00,0.00,47441.00,56334.00,36.30,220.00,2.59,589229.00,128.00,53.00,34.00,9.00,20.50,64567.00,37.00,2.00,2.00,9.00,1.00,3.00,0.00,19.00,3.00,9.00,4.00,11.00,17.00,9.00,3.00,9.00,18.00,2.00,20.00,5.00,9.00,19.00
84644 (Meadow),324.00,0.00,39384.00,51705.00,40.70,124.00,2.61,342427.00,64.00,21.00,22.00,14.00,30.00,29672.00,9.00,2.00,1.00,2.00,1.00,0.00,0.00,5.00,0.00,4.00,6.00,5.00,12.00,1.00,1.00,8.00,18.00,9.00,13.00,4.00,8.00,13.00
84645 (Mona),2909.00,0.01,54991.00,67805.00,20.80,680.00,4.24,2050211.00,373.00,175.00,79.00,30.00,14.10,204301.00,66.00,12.00,24.00,30.00,2.00,19.00,0.00,105.00,5.00,55.00,63.00,16.00,32.00,41.00,9.00,97.00,146.00,15.00,118.00,46.00,158.00,110.00
84646 (Moroni),1640.00,0.00,41984.00,58549.00,31.10,520.00,3.15,1490536.00,248.00,123.00,67.00,52.00,52.70,149367.00,63.00,19.00,0.00,5.00,2.00,2.00,0.00,31.00,0.00,19.00,30.00,17.00,48.00,7.00,18.00,25.00,71.00,53.00,38.00,24.00,56.00,38.00
84647 (Mount Pleasant),4471.00,0.00,50512.00,60672.00,31.50,1389.00,2.98,4253231.00,717.00,305.00,225.00,211.00,22.50,404195.00,138.00,51.00,9.00,30.00,0.00,9.00,0.00,208.00,68.00,120.00,10.00,31.00,87.00,74.00,53.00,170.00,133.00,7.00,179.00,74.00,84.00,118.00
84648 (Nephi),6545.00,0.00,57169.00,67218.00,31.60,2045.00,3.16,6241255.00,1110.00,447.00,179.00,310.00,18.30,630002.00,181.00,59.00,16.00,30.00,40.00,28.00,0.00,184.00,14.00,152.00,33.00,80.00,205.00,180.00,107.00,273.00,617.00,30.00,214.00,186.00,315.00,157.00
84649 (Oak City),742.00,0.00,57254.00,71663.00,34.00,234.00,3.17,820799.00,89.00,106.00,20.00,9.00,13.50,82269.00,20.00,8.00,2.00,10.00,1.00,10.00,0.00,14.00,1.00,25.00,21.00,13.00,7.00,27.00,3.00,15.00,28.00,47.00,19.00,6.00,37.00,16.00
84663 (Springville),32113.00,0.02,61614.00,76509.00,27.40,9195.00,3.47,29903126.00,2746.00,4371.00,1982.00,882.00,39.50,3155698.00,1171.00,793.00,483.00,242.00,55.00,238.00,68.00,1288.00,260.00,766.00,220.00,235.00,522.00,333.00,319.00,1376.00,2002.00,89.00,759.00,473.00,1499.00,959.00
84642 (Manti),3881.00,0.01,52054.00,60657.00,31.60,1167.00,3.31,3437509.00,456.00,405.00,185.00,212.00,22.20,329730.00,280.00,11.00,26.00,17.00,0.00,22.00,6.00,139.00,18.00,113.00,31.00,74.00,79.00,63.00,37.00,101.00,138.00,17.00,153.00,39.00,94.00,110.00
84516 (Clawson),159.00,0.00,55832.00,61001.00,37.00,53.00,3.00,159497.00,32.00,12.00,3.00,6.00,12.00,15719.00,5.00,1.00,1.00,1.00,2.00,0.00,0.00,2.00,0.00,9.00,1.00,4.00,1.00,3.00,0.00,4.00,5.00,3.00,9.00,5.00,3.00,3.00
84620 (Aurora),1141.00,0.00,58538.00,67870.00,35.70,387.00,2.95,1286136.00,250.00,63.00,54.00,27.00,13.40,128816.00,67.00,2.00,0.00,19.00,15.00,0.00,0.00,107.00,11.00,0.00,8.00,25.00,2.00,8.00,58.00,31.00,60.00,13.00,17.00,21.00,0.00,118.00
84534 (Montezuma Creek),880.00,0.01,36445.00,50929.00,28.60,234.00,3.76,632121.00,178.00,29.00,12.00,27.00,15.80,52925.00,17.00,3.00,1.00,1.00,0.00,4.00,0.00,24.00,1.00,9.00,11.00,10.00,18.00,5.00,12.00,6.00,20.00,3.00,38.00,3.00,28.00,21.00
84535 (Monticello),2658.00,0.00,53858.00,65274.00,34.70,843.00,2.99,2577210.00,406.00,165.00,182.00,189.00,37.90,250952.00,98.00,23.00,8.00,31.00,0.00,17.00,0.00,59.00,14.00,122.00,12.00,81.00,94.00,72.00,8.00,75.00,114.00,21.00,96.00,37.00,14.00,20.00
84536 (Monument Valley),1893.00,0.01,30555.00,44115.00,29.20,534.00,3.53,1228330.00,465.00,39.00,27.00,20.00,17.50,99647.00,31.00,7.00,7.00,0.00,6.00,3.00,0.00,23.00,12.00,12.00,16.00,15.00,30.00,45.00,25.00,47.00,53.00,4.00,50.00,17.00,20.00,32.00
84537 (Orangeville),1378.00,0.00,46838.00,61925.00,33.50,452.00,3.05,1370031.00,209.00,68.00,24.00,39.00,5.70,137319.00,41.00,10.00,5.00,17.00,12.00,11.00,0.00,34.00,4.00,1.00,15.00,31.00,10.00,20.00,19.00,47.00,20.00,0.00,48.00,45.00,30.00,68.00
84539 (Sunnyside),443.00,0.00,30966.00,40832.00,43.00,172.00,2.58,372519.00,102.00,7.00,2.00,11.00,47.10,31189.00,8.00,3.00,0.00,1.00,0.00,1.00,0.00,6.00,0.00,7.00,2.00,10.00,6.00,13.00,7.00,12.00,21.00,0.00,28.00,6.00,8.00,12.00
84540 (Thompson),86.00,0.02,45375.00,50990.00,44.20,54.00,1.59,130822.00,14.00,9.00,2.00,10.00,19.10,14348.00,3.00,3.00,0.00,0.00,1.00,0.00,0.00,3.00,0.00,0.00,0.00,2.00,0.00,0.00,2.00,7.00,15.00,0.00,7.00,1.00,2.00,5.00
84542 (Wellington),1317.00,0.00,53819.00,67706.00,35.00,465.00,2.83,1663807.00,218.00,67.00,38.00,50.00,30.40,139680.00,37.00,25.00,4.00,8.00,2.00,11.00,0.00,55.00,4.00,58.00,21.00,5.00,16.00,22.00,2.00,91.00,72.00,7.00,97.00,21.00,45.00,69.00
84601 (Provo),33324.00,0.01,43300.00,53180.00,25.70,10119.00,3.26,21669419.00,3341.00,3534.00,1175.00,1388.00,67.10,2260683.00,847.00,544.00,633.00,133.00,95.00,253.00,34.00,1485.00,507.00,608.00,332.00,236.00,819.00,841.00,466.00,1587.00,2253.00,20.00,1238.00,387.00,1513.00,679.00
84621 (Axtell),246.00,0.00,51947.00,56902.00,35.90,79.00,2.54,244703.00,51.00,11.00,8.00,7.00,65.30,22206.00,4.00,1.00,0.00,0.00,0.00,1.00,0.00,2.00,0.00,2.00,6.00,1.00,0.00,3.00,0.00,4.00,2.00,1.00,5.00,1.00,2.00,5.00
84604 (Provo),48166.00,0.01,49018.00,73777.00,23.90,13164.00,3.24,39162742.00,1845.00,6206.00,4324.00,1545.00,36.80,4101727.00,1880.00,1052.00,1016.00,261.00,359.00,396.00,246.00,3281.00,754.00,929.00,440.00,290.00,1690.00,1063.00,808.00,2976.00,3887.00,63.00,433.00,367.00,906.00,702.00
84606 (Provo),33758.00,0.01,33708.00,48790.00,23.40,10175.00,3.27,18904178.00,1420.00,4211.00,1270.00,656.00,47.70,1888195.00,1154.00,476.00,1112.00,297.00,329.00,337.00,39.00,2994.00,847.00,655.00,717.00,170.00,1423.00,1167.00,565.00,1931.00,3356.00,38.00,475.00,446.00,590.00,631.00
84634 (Gunnison),3538.00,0.00,47321.00,60072.00,34.50,606.00,3.79,1871888.00,602.00,235.00,111.00,133.00,51.00,176546.00,108.00,20.00,0.00,4.00,0.00,12.00,0.00,72.00,0.00,57.00,64.00,76.00,38.00,35.00,27.00,55.00,49.00,53.00,81.00,31.00,42.00,90.00
84632 (Fountain Green),1128.00,0.00,58448.00,76297.00,30.20,342.00,3.26,1277202.00,153.00,121.00,50.00,25.00,40.20,128015.00,88.00,11.00,0.00,11.00,0.00,10.00,0.00,17.00,3.00,12.00,21.00,40.00,29.00,8.00,20.00,30.00,41.00,10.00,26.00,22.00,9.00,26.00
84631 (Fillmore),2843.00,0.00,54960.00,63140.00,34.40,949.00,2.96,3038854.00,555.00,167.00,95.00,226.00,49.50,282688.00,45.00,24.00,7.00,3.00,4.00,1.00,0.00,48.00,3.00,102.00,13.00,88.00,156.00,69.00,60.00,135.00,106.00,162.00,61.00,63.00,93.00,169.00
84630 (Fayette),275.00,0.00,52757.00,56902.00,36.00,86.00,1.86,266386.00,57.00,12.00,9.00,6.00,65.80,24174.00,5.00,1.00,0.00,0.00,0.00,1.00,0.00,2.00,0.00,2.00,7.00,1.00,0.00,3.00,0.00,4.00,2.00,1.00,7.00,1.00,2.00,6.00
84629 (Fairview),2521.00,0.00,61334.00,81733.00,37.50,825.00,3.02,3388278.00,440.00,235.00,117.00,72.00,16.40,332021.00,177.00,29.00,2.00,1.00,7.00,2.00,2.00,85.00,39.00,129.00,7.00,14.00,28.00,31.00,9.00,98.00,40.00,56.00,153.00,66.00,38.00,70.00
84628 (Eureka),725.00,0.01,40656.00,52580.00,37.60,274.00,2.64,784255.00,161.00,49.00,30.00,42.00,28.40,71170.00,22.00,9.00,0.00,5.00,11.00,1.00,0.00,17.00,9.00,10.00,0.00,14.00,6.00,0.00,10.00,26.00,50.00,18.00,47.00,10.00,18.00,13.00
84602 (Provo),4013.00,0.00,35000.00,64821.00,18.00,14.00,2.71,31333.00,4.00,27.00,4.00,52.00,30.10,3057.00,18.00,20.00,46.00,9.00,7.00,18.00,0.00,152.00,66.00,0.00,7.00,3.00,160.00,90.00,103.00,106.00,249.00,0.00,21.00,0.00,15.00,15.00
84513 (Castle Dale),1646.00,0.00,46160.00,62086.00,32.80,555.00,2.97,1686602.00,340.00,121.00,45.00,202.00,12.80,169049.00,45.00,10.00,0.00,17.00,1.00,0.00,0.00,29.00,0.00,43.00,22.00,42.00,11.00,31.00,21.00,63.00,49.00,5.00,90.00,43.00,39.00,25.00
84532 (Moab),10826.00,0.01,45336.00,58787.00,41.10,4448.00,2.40,11843722.00,1649.00,1252.00,521.00,863.00,36.00,1226422.00,676.00,124.00,15.00,27.00,63.00,27.00,0.00,343.00,221.00,183.00,125.00,227.00,430.00,752.00,136.00,611.00,939.00,64.00,484.00,248.00,144.00,342.00
84403 (Ogden),37332.00,0.01,55446.00,76531.00,32.00,13190.00,2.80,43772932.00,4376.00,4833.00,2684.00,1133.00,56.90,4581974.00,1546.00,870.00,395.00,311.00,61.00,276.00,97.00,1280.00,161.00,1218.00,438.00,249.00,1264.00,791.00,586.00,2021.00,2249.00,27.00,1054.00,463.00,1577.00,907.00
84404 (Ogden),61217.00,0.01,53306.00,64079.00,31.20,20397.00,2.95,56958801.00,10481.00,4359.00,1630.00,1550.00,54.90,5851574.00,2248.00,1339.00,674.00,524.00,133.00,289.00,57.00,1210.00,342.00,921.00,826.00,514.00,1367.00,1042.00,683.00,2655.00,4670.00,143.00,1808.00,1268.00,3562.00,1959.00
84405 (Ogden),33072.00,0.01,60878.00,77798.00,32.20,11409.00,2.86,38484534.00,5311.00,3842.00,1510.00,1098.00,39.10,4010464.00,1554.00,981.00,388.00,323.00,60.00,143.00,71.00,875.00,235.00,748.00,509.00,370.00,738.00,382.00,637.00,1687.00,2247.00,4.00,882.00,357.00,1410.00,787.00
84414 (Ogden),27737.00,0.01,77292.00,93405.00,34.30,8703.00,3.19,35407394.00,3517.00,4134.00,2054.00,399.00,23.30,3795333.00,1370.00,852.00,444.00,613.00,49.00,253.00,64.00,942.00,262.00,790.00,412.00,184.00,371.00,245.00,321.00,1448.00,2354.00,52.00,460.00,387.00,844.00,517.00
84501 (Price),14252.00,0.00,43482.00,56042.00,34.50,5136.00,2.70,13527187.00,2079.00,943.00,456.00,786.00,36.30,1302325.00,424.00,83.00,48.00,153.00,10.00,62.00,0.00,438.00,42.00,402.00,83.00,82.00,366.00,323.00,229.00,758.00,1031.00,53.00,521.00,276.00,353.00,589.00
84510 (Aneth),1676.00,0.01,30597.00,46280.00,28.00,445.00,3.77,1092378.00,297.00,63.00,15.00,4.00,18.30,91460.00,27.00,5.00,0.00,5.00,0.00,4.00,0.00,64.00,3.00,8.00,14.00,28.00,31.00,10.00,19.00,7.00,35.00,2.00,87.00,9.00,57.00,24.00
84511 (Blanding),5386.00,0.01,51747.00,59434.00,29.00,1584.00,3.28,4553752.00,627.00,533.00,370.00,210.00,47.20,435278.00,175.00,93.00,36.00,43.00,9.00,45.00,0.00,201.00,80.00,180.00,17.00,66.00,60.00,134.00,78.00,122.00,301.00,79.00,185.00,70.00,58.00,99.00
84512 (Bluff),1345.00,0.01,39761.00,53707.00,30.90,435.00,3.08,1182725.00,294.00,72.00,64.00,36.00,34.30,103641.00,23.00,5.00,2.00,1.00,3.00,6.00,0.00,38.00,11.00,22.00,16.00,24.00,26.00,7.00,16.00,17.00,34.00,12.00,54.00,2.00,55.00,47.00
84401 (Ogden),37978.00,0.01,42893.00,57323.00,30.90,13266.00,2.81,32456310.00,6046.00,3054.00,1268.00,2398.00,67.60,3313414.00,1424.00,662.00,395.00,291.00,50.00,226.00,68.00,870.00,187.00,601.00,372.00,309.00,1227.00,620.00,422.00,1479.00,2614.00,179.00,1279.00,752.00,2232.00,1282.00
84520 (East Carbon),1204.00,0.00,30908.00,40882.00,42.80,498.00,2.42,1079894.00,279.00,20.00,4.00,33.00,46.90,90415.00,21.00,8.00,0.00,2.00,0.00,2.00,1.00,18.00,0.00,20.00,7.00,29.00,15.00,34.00,19.00,33.00,56.00,0.00,77.00,15.00,20.00,32.00
84521 (Elmo),480.00,0.00,59765.00,75812.00,34.80,158.00,3.01,635352.00,86.00,18.00,13.00,13.00,13.70,53195.00,4.00,2.00,0.00,2.00,0.00,1.00,0.00,2.00,0.00,17.00,1.00,1.00,4.00,12.00,8.00,3.00,16.00,0.00,41.00,9.00,12.00,47.00
84522 (Emery),292.00,0.00,56113.00,60971.00,36.40,114.00,2.56,340215.00,60.00,23.00,5.00,24.00,11.70,34100.00,9.00,2.00,1.00,1.00,4.00,0.00,0.00,5.00,0.00,15.00,2.00,8.00,3.00,6.00,1.00,7.00,10.00,6.00,13.00,9.00,5.00,6.00
84523 (Ferron),1887.00,0.00,55221.00,60163.00,37.30,629.00,2.95,1946636.00,340.00,122.00,25.00,46.00,13.80,174940.00,35.00,5.00,10.00,9.00,11.00,4.00,0.00,21.00,0.00,120.00,39.00,32.00,11.00,42.00,2.00,28.00,32.00,44.00,126.00,86.00,41.00,35.00
84525 (Green River),1170.00,0.00,43516.00,50362.00,34.80,399.00,2.93,964390.00,240.00,89.00,9.00,100.00,67.60,87699.00,48.00,1.00,0.00,0.00,15.00,0.00,0.00,27.00,2.00,0.00,13.00,8.00,100.00,53.00,1.00,58.00,53.00,0.00,67.00,16.00,38.00,37.00
84526 (Helper),4053.00,0.00,41174.00,49117.00,37.80,1595.00,2.54,3965630.00,679.00,221.00,78.00,143.00,33.90,373900.00,71.00,32.00,12.00,55.00,4.00,13.00,2.00,152.00,25.00,94.00,27.00,40.00,111.00,87.00,36.00,204.00,178.00,4.00,152.00,81.00,125.00,154.00
84528 (Huntington),3367.00,0.00,53586.00,63413.00,33.50,1102.00,3.05,3681446.00,578.00,134.00,66.00,118.00,26.00,313202.00,95.00,13.00,3.00,50.00,18.00,3.00,0.00,66.00,1.00,43.00,59.00,30.00,53.00,50.00,62.00,95.00,104.00,7.00,274.00,103.00,82.00,131.00
84530 (La Sal),477.00,0.01,48763.00,66461.00,37.70,186.00,2.52,593524.00,74.00,31.00,14.00,21.00,17.90,53513.00,18.00,3.00,5.00,1.00,0.00,7.00,0.00,3.00,0.00,29.00,0.00,1.00,5.00,23.00,6.00,18.00,33.00,14.00,38.00,15.00,1.00,3.00
84518 (Cleveland),633.00,0.00,67486.00,68920.00,34.00,221.00,2.86,807899.00,102.00,59.00,18.00,21.00,4.60,67642.00,7.00,2.00,0.00,12.00,4.00,0.00,0.00,45.00,2.00,16.00,8.00,11.00,7.00,14.00,5.00,17.00,23.00,0.00,19.00,22.00,23.00,19.00
84082 (Wallsburg),790.00,0.00,67267.00,90436.00,38.70,265.00,2.97,1083515.00,189.00,96.00,29.00,16.00,11.70,115924.00,29.00,1.00,1.00,2.00,3.00,0.00,0.00,30.00,1.00,32.00,2.00,30.00,11.00,52.00,8.00,24.00,82.00,0.00,7.00,12.00,11.00,9.00
84531 (Mexican Hat),370.00,0.01,31481.00,45522.00,30.00,105.00,3.52,241888.00,95.00,14.00,12.00,12.00,30.20,20436.00,6.00,2.00,2.00,0.00,2.00,1.00,0.00,8.00,4.00,5.00,3.00,7.00,7.00,8.00,1.00,9.00,9.00,2.00,7.00,2.00,7.00,7.00
84080 (Vernon),339.00,0.01,62010.00,72424.00,39.40,106.00,3.20,375763.00,67.00,28.00,7.00,12.00,20.80,37663.00,13.00,5.00,0.00,2.00,1.00,1.00,0.00,14.00,1.00,3.00,0.00,3.00,2.00,4.00,3.00,11.00,22.00,2.00,28.00,8.00,5.00,9.00
84078 (Vernal),31285.00,0.03,63006.00,77933.00,30.00,10047.00,3.09,34508224.00,5366.00,2440.00,940.00,1410.00,34.00,3500507.00,960.00,363.00,54.00,376.00,29.00,90.00,18.00,940.00,176.00,601.00,98.00,199.00,528.00,312.00,221.00,1157.00,1872.00,107.00,1100.00,715.00,497.00,1152.00
84076 (Tridell),453.00,0.03,53792.00,61319.00,31.90,125.00,3.62,406560.00,99.00,33.00,7.00,4.00,57.80,34039.00,8.00,4.00,1.00,3.00,1.00,3.00,1.00,11.00,0.00,8.00,0.00,0.00,5.00,12.00,5.00,4.00,19.00,8.00,12.00,12.00,8.00,13.00
84075 (Syracuse),27681.00,0.02,86454.00,97830.00,27.50,7258.00,3.80,29453057.00,2784.00,3666.00,1571.00,318.00,27.70,3155241.00,1550.00,960.00,471.00,308.00,64.00,95.00,89.00,956.00,252.00,542.00,323.00,262.00,336.00,298.00,302.00,1177.00,2069.00,102.00,504.00,416.00,838.00,739.00
84074 (Tooele),49357.00,0.01,65609.00,79653.00,29.90,14906.00,3.29,50752209.00,7510.00,4558.00,1428.00,1135.00,36.70,5309078.00,2032.00,933.00,626.00,633.00,199.00,204.00,143.00,1418.00,256.00,947.00,228.00,753.00,965.00,800.00,470.00,1878.00,3448.00,63.00,1418.00,822.00,1668.00,1869.00
84073 (Talmage),311.00,0.03,59557.00,70426.00,32.10,107.00,2.91,366418.00,59.00,16.00,15.00,8.00,13.30,37485.00,18.00,0.00,1.00,1.00,0.00,0.00,0.00,8.00,3.00,9.00,1.00,0.00,6.00,1.00,3.00,2.00,7.00,2.00,17.00,6.00,10.00,9.00
84072 (Tabiona),611.00,0.03,49727.00,58108.00,48.10,213.00,2.87,673804.00,147.00,32.00,15.00,23.00,22.80,62033.00,17.00,1.00,0.00,0.00,3.00,1.00,0.00,17.00,0.00,2.00,2.00,7.00,11.00,4.00,3.00,4.00,9.00,0.00,30.00,9.00,5.00,15.00
84071 (Stockton),1375.00,0.02,80161.00,92777.00,33.30,421.00,3.27,1686893.00,200.00,73.00,54.00,13.00,20.20,178612.00,61.00,64.00,8.00,5.00,7.00,4.00,1.00,10.00,12.00,41.00,14.00,6.00,32.00,11.00,19.00,32.00,116.00,1.00,57.00,25.00,18.00,20.00
84081 (West Jordan),46331.00,0.02,76948.00,86041.00,26.40,11907.00,3.87,42829477.00,5133.00,4491.00,1515.00,349.00,56.50,4565580.00,2371.00,1119.00,657.00,504.00,98.00,220.00,124.00,1207.00,329.00,771.00,489.00,530.00,769.00,360.00,735.00,2754.00,4058.00,63.00,1111.00,631.00,1666.00,1434.00
84069 (Rush Valley),580.00,0.01,61198.00,71719.00,39.20,213.00,2.72,741615.00,110.00,52.00,12.00,10.00,24.80,74297.00,25.00,8.00,0.00,3.00,2.00,2.00,1.00,23.00,2.00,5.00,0.00,7.00,3.00,7.00,5.00,19.00,37.00,7.00,48.00,13.00,9.00,14.00
84341 (Logan),22672.00,0.02,45941.00,63418.00,26.10,7674.00,2.88,19463237.00,1598.00,3134.00,2358.00,920.00,40.30,2009062.00,985.00,455.00,294.00,235.00,129.00,112.00,25.00,1040.00,222.00,398.00,139.00,99.00,631.00,292.00,496.00,1302.00,1455.00,168.00,484.00,161.00,873.00,429.00
84340 (Willard),3871.00,0.02,62003.00,79693.00,33.70,1244.00,3.11,4475985.00,586.00,390.00,142.00,79.00,25.00,472690.00,159.00,127.00,25.00,77.00,11.00,26.00,3.00,76.00,22.00,51.00,62.00,31.00,56.00,58.00,61.00,241.00,233.00,26.00,52.00,54.00,175.00,134.00
84339 (Wellsville),5393.00,0.01,58800.00,76168.00,28.80,1554.00,3.41,5265198.00,765.00,636.00,272.00,90.00,22.10,525451.00,268.00,80.00,46.00,102.00,31.00,20.00,11.00,152.00,27.00,49.00,44.00,49.00,71.00,121.00,80.00,260.00,324.00,28.00,81.00,69.00,307.00,134.00
84338 (Trenton),465.00,0.00,54794.00,65827.00,28.90,146.00,3.18,439490.00,66.00,42.00,9.00,12.00,41.80,43889.00,30.00,17.00,1.00,5.00,2.00,0.00,1.00,9.00,1.00,6.00,4.00,1.00,6.00,13.00,7.00,9.00,13.00,29.00,8.00,12.00,15.00,17.00
84337 (Tremonton),12195.00,0.01,57393.00,69634.00,29.00,3786.00,3.21,11693247.00,1626.00,888.00,354.00,390.00,33.80,1206145.00,493.00,99.00,109.00,180.00,35.00,62.00,22.00,82.00,14.00,178.00,124.00,69.00,193.00,150.00,73.00,488.00,737.00,231.00,297.00,94.00,659.00,657.00
84336 (Snowville),402.00,0.01,57486.00,71237.00,33.20,132.00,3.02,485253.00,85.00,45.00,5.00,18.00,35.60,45861.00,53.00,4.00,0.00,1.00,0.00,0.00,0.00,13.00,0.00,3.00,1.00,1.00,8.00,6.00,2.00,11.00,6.00,35.00,7.00,1.00,9.00,17.00
84335 (Smithfield),13146.00,0.02,58405.00,72762.00,29.20,3913.00,3.35,12434890.00,1955.00,1572.00,576.00,274.00,26.90,1280844.00,563.00,367.00,172.00,78.00,39.00,54.00,38.00,451.00,77.00,259.00,111.00,78.00,236.00,140.00,139.00,432.00,821.00,85.00,418.00,154.00,637.00,423.00
84070 (Sandy),27936.00,0.02,56392.00,67852.00,32.80,9844.00,2.81,28314990.00,4080.00,3473.00,1399.00,2516.00,49.30,2971890.00,1545.00,973.00,407.00,324.00,35.00,138.00,133.00,770.00,179.00,444.00,259.00,211.00,697.00,575.00,420.00,1528.00,2558.00,22.00,796.00,386.00,963.00,896.00
84107 (Salt Lake City),34842.00,0.01,49283.00,61801.00,33.50,14470.00,2.40,37521514.00,4393.00,4635.00,2238.00,3105.00,50.70,3873692.00,1615.00,947.00,752.00,202.00,112.00,284.00,115.00,871.00,349.00,1055.00,593.00,268.00,1257.00,473.00,462.00,2042.00,3050.00,10.00,974.00,631.00,1297.00,1399.00
84083 (Wendover),1737.00,0.01,32478.00,44049.00,29.70,596.00,2.91,1049530.00,304.00,76.00,23.00,92.00,77.10,110108.00,36.00,19.00,0.00,2.00,4.00,1.00,0.00,19.00,7.00,9.00,0.00,31.00,144.00,121.00,129.00,92.00,53.00,42.00,48.00,25.00,37.00,18.00
84105 (Salt Lake City),23709.00,0.01,62918.00,86151.00,34.60,10111.00,2.29,35653867.00,1681.00,5621.00,4272.00,579.00,33.40,3869631.00,1771.00,846.00,461.00,323.00,289.00,224.00,349.00,1479.00,642.00,1306.00,192.00,101.00,842.00,222.00,590.00,1688.00,1392.00,38.00,372.00,119.00,434.00,321.00
84104 (Salt Lake City),25950.00,0.01,39614.00,48512.00,28.20,7231.00,3.56,14419054.00,3374.00,1277.00,404.00,1974.00,87.50,1520481.00,461.00,176.00,190.00,95.00,20.00,93.00,60.00,287.00,97.00,240.00,330.00,124.00,1059.00,903.00,106.00,843.00,1351.00,0.00,1260.00,293.00,1654.00,1277.00
84103 (Salt Lake City),23239.00,0.01,56248.00,94783.00,34.80,11399.00,2.00,44017632.00,1500.00,5482.00,4908.00,566.00,36.50,4642739.00,1522.00,923.00,608.00,263.00,519.00,244.00,532.00,1449.00,763.00,1174.00,167.00,106.00,598.00,330.00,557.00,1161.00,1515.00,0.00,182.00,120.00,449.00,445.00
84102 (Salt Lake City),18403.00,0.01,35256.00,53040.00,29.70,9468.00,1.88,19989421.00,1459.00,3721.00,3157.00,947.00,49.10,2003660.00,955.00,675.00,471.00,303.00,292.00,222.00,151.00,1363.00,489.00,762.00,243.00,103.00,1030.00,265.00,271.00,1165.00,1622.00,15.00,196.00,213.00,226.00,470.00
84101 (Salt Lake City),6278.00,0.02,29307.00,51703.00,35.80,3130.00,1.70,6374431.00,710.00,1219.00,619.00,1884.00,63.90,644560.00,447.00,234.00,235.00,96.00,102.00,44.00,41.00,151.00,164.00,169.00,7.00,35.00,271.00,113.00,94.00,230.00,474.00,0.00,8.00,119.00,113.00,212.00
84098 (Park City),19557.00,0.02,111830.00,142698.00,40.00,6946.00,2.81,40564428.00,1000.00,4885.00,3489.00,1110.00,28.10,4491784.00,2169.00,819.00,368.00,292.00,49.00,113.00,121.00,936.00,334.00,772.00,44.00,255.00,709.00,291.00,276.00,1317.00,908.00,4.00,264.00,113.00,186.00,545.00
84097 (Orem),22899.00,0.01,71147.00,89250.00,30.00,6473.00,3.51,25144957.00,1801.00,3693.00,1966.00,1025.00,37.40,2693574.00,1179.00,485.00,492.00,105.00,9.00,112.00,85.00,1047.00,290.00,572.00,227.00,166.00,474.00,391.00,364.00,988.00,1417.00,51.00,271.00,162.00,528.00,428.00
84096 (Herriman),44749.00,0.03,76550.00,95634.00,25.70,11494.00,3.89,44653751.00,4072.00,5351.00,1977.00,455.00,27.30,4854840.00,2999.00,1904.00,757.00,560.00,27.00,149.00,50.00,514.00,121.00,1091.00,493.00,532.00,675.00,614.00,658.00,2068.00,3522.00,130.00,1256.00,788.00,499.00,530.00
84106 (Salt Lake City),33756.00,0.01,56682.00,72991.00,34.60,13766.00,2.43,43011341.00,4280.00,5935.00,3179.00,1575.00,43.10,4505129.00,1819.00,756.00,483.00,423.00,285.00,411.00,258.00,1364.00,691.00,1335.00,244.00,309.00,1138.00,478.00,527.00,1613.00,2813.00,13.00,576.00,531.00,634.00,830.00
84094 (Sandy),29312.00,0.01,69205.00,81270.00,33.70,9486.00,3.08,33213247.00,3519.00,4469.00,1936.00,798.00,34.70,3542679.00,1605.00,1046.00,568.00,362.00,164.00,101.00,102.00,1056.00,537.00,819.00,309.00,349.00,438.00,356.00,469.00,1956.00,2291.00,39.00,526.00,352.00,869.00,735.00
84093 (Sandy),24049.00,0.01,101696.00,126872.00,39.70,7688.00,3.12,41155345.00,2336.00,4910.00,2992.00,565.00,24.20,4677046.00,1761.00,1023.00,442.00,344.00,164.00,182.00,345.00,920.00,399.00,687.00,239.00,180.00,392.00,149.00,214.00,1649.00,1672.00,0.00,297.00,190.00,293.00,478.00
84092 (Sandy),30304.00,0.01,105936.00,136915.00,38.20,9145.00,3.30,52253461.00,3102.00,5723.00,3387.00,583.00,22.50,5882565.00,2407.00,1148.00,507.00,273.00,106.00,174.00,248.00,1038.00,337.00,906.00,168.00,257.00,576.00,214.00,531.00,2385.00,2227.00,35.00,404.00,179.00,461.00,693.00
84088 (West Jordan),38217.00,0.01,68475.00,77603.00,30.20,11275.00,3.38,36816030.00,5397.00,3765.00,1386.00,1320.00,54.70,3877484.00,1453.00,991.00,671.00,310.00,78.00,190.00,96.00,999.00,259.00,742.00,465.00,419.00,1085.00,610.00,421.00,2429.00,3698.00,14.00,1447.00,608.00,1319.00,1140.00
84087 (Woods Cross),15081.00,0.02,79688.00,90058.00,29.70,4522.00,3.33,17351780.00,1623.00,2251.00,766.00,379.00,28.60,1853859.00,830.00,481.00,410.00,150.00,41.00,37.00,80.00,422.00,131.00,360.00,117.00,164.00,284.00,177.00,171.00,804.00,1426.00,0.00,339.00,349.00,417.00,376.00
84086 (Woodruff),340.00,0.00,54736.00,64676.00,31.70,109.00,3.12,383756.00,89.00,21.00,2.00,14.00,17.30,34825.00,32.00,2.00,0.00,3.00,0.00,0.00,0.00,14.00,0.00,4.00,3.00,3.00,7.00,4.00,9.00,7.00,15.00,5.00,37.00,10.00,10.00,13.00
84085 (Whiterocks),1173.00,0.03,54499.00,66191.00,32.20,364.00,3.22,1243487.00,235.00,95.00,19.00,6.00,55.30,108427.00,22.00,11.00,3.00,10.00,1.00,7.00,1.00,29.00,0.00,20.00,1.00,3.00,11.00,32.00,12.00,16.00,58.00,16.00,29.00,31.00,19.00,41.00
84084 (West Jordan),31371.00,0.01,63035.00,76245.00,31.40,9903.00,3.15,32091255.00,4481.00,2985.00,1475.00,749.00,57.50,3403127.00,1733.00,963.00,586.00,256.00,100.00,114.00,88.00,1056.00,246.00,599.00,302.00,242.00,713.00,670.00,446.00,1889.00,2476.00,22.00,1163.00,410.00,1077.00,908.00
84095 (South Jordan),45119.00,0.02,100279.00,118485.00,31.90,13156.00,3.43,63911559.00,4205.00,7025.00,3819.00,1393.00,27.90,7057750.00,3711.00,1733.00,946.00,527.00,71.00,276.00,280.00,1087.00,336.00,1592.00,221.00,408.00,855.00,267.00,364.00,2641.00,3237.00,86.00,1222.00,568.00,758.00,619.00
84302 (Brigham City),25068.00,0.01,58305.00,69741.00,31.70,8249.00,3.00,25366215.00,3926.00,2488.00,1203.00,865.00,35.70,2643642.00,910.00,469.00,314.00,333.00,82.00,157.00,40.00,782.00,97.00,475.00,126.00,193.00,561.00,223.00,382.00,1063.00,1519.00,100.00,475.00,522.00,1311.00,953.00
84108 (Salt Lake City),21572.00,0.01,81690.00,120610.00,35.00,8201.00,2.62,41250908.00,912.00,4844.00,5446.00,570.00,29.80,4564542.00,1140.00,675.00,198.00,253.00,418.00,114.00,512.00,1612.00,371.00,1386.00,183.00,188.00,330.00,173.00,278.00,1190.00,1137.00,0.00,227.00,64.00,162.00,322.00
84148 (Salt Lake City),0.00,0.00,0.00,0.00,0.00,0.00,0.00,0.00,0.00,0.00,0.00,13.00,0.00,0.00,0.00,0.00,0.00,0.00,0.00,0.00,0.00,0.00,0.00,0.00,0.00,0.00,0.00,0.00,0.00,0.00,0.00,0.00,0.00,0.00,0.00,0.00
84143 (Salt Lake City),0.00,0.00,0.00,0.00,0.00,0.00,0.00,0.00,0.00,0.00,0.00,18.00,0.00,0.00,0.00,0.00,0.00,0.00,0.00,0.00,0.00,0.00,0.00,0.00,0.00,0.00,0.00,0.00,0.00,0.00,0.00,0.00,0.00,0.00,0.00,0.00
84129 (Salt Lake City),40162.00,0.01,64520.00,75913.00,32.80,12317.00,3.25,40313469.00,6679.00,3788.00,1388.00,744.00,61.30,4303560.00,1695.00,1182.00,604.00,361.00,70.00,173.00,118.00,1075.00,252.00,499.00,365.00,272.00,1214.00,692.00,553.00,2233.00,3954.00,62.00,1367.00,733.00,1798.00,1457.00
84128 (West Valley City),30550.00,0.01,66903.00,74497.00,28.40,7742.00,3.95,24237976.00,4928.00,1787.00,456.00,261.00,76.10,2589148.00,856.00,783.00,221.00,199.00,35.00,61.00,8.00,764.00,155.00,253.00,277.00,354.00,1003.00,822.00,328.00,1450.00,3117.00,0.00,1019.00,445.00,1629.00,1304.00
84124 (Salt Lake City),22442.00,0.01,78374.00,109220.00,38.60,8349.00,2.67,38620703.00,2154.00,4357.00,3438.00,770.00,28.20,4250609.00,1525.00,786.00,383.00,225.00,184.00,177.00,276.00,770.00,370.00,1210.00,263.00,138.00,262.00,168.00,287.00,1309.00,1483.00,39.00,539.00,211.00,243.00,338.00
84123 (Salt Lake City),38328.00,0.01,54101.00,68689.00,32.80,13976.00,2.74,40463329.00,5485.00,4216.00,1789.00,1402.00,57.80,4225509.00,1726.00,951.00,949.00,506.00,139.00,231.00,116.00,1010.00,378.00,717.00,413.00,338.00,918.00,644.00,485.00,2223.00,3804.00,57.00,999.00,698.00,1374.00,1033.00
84121 (Salt Lake City),42872.00,0.01,77748.00,105527.00,39.60,15914.00,2.69,72180615.00,5038.00,8991.00,4719.00,1796.00,27.60,7914647.00,2919.00,1552.00,805.00,502.00,293.00,290.00,342.00,1110.00,773.00,1869.00,314.00,423.00,976.00,484.00,608.00,2931.00,3510.00,6.00,781.00,405.00,813.00,671.00
84120 (West Valley City),52489.00,0.01,56971.00,67791.00,30.20,14346.00,3.65,41204282.00,9247.00,3326.00,1133.00,946.00,78.30,4428627.00,1639.00,704.00,410.00,288.00,102.00,197.00,79.00,1104.00,288.00,506.00,430.00,496.00,1279.00,1126.00,504.00,2015.00,4542.00,0.00,1971.00,1134.00,3245.00,2563.00
84301 (Bear River City),952.00,0.02,64116.00,72332.00,34.40,301.00,3.16,982980.00,187.00,118.00,27.00,19.00,20.00,103808.00,52.00,15.00,12.00,20.00,1.00,12.00,0.00,17.00,4.00,15.00,1.00,0.00,8.00,10.00,9.00,30.00,49.00,7.00,20.00,23.00,68.00,30.00
84118 (Salt Lake City),41017.00,0.01,57275.00,66159.00,29.20,10979.00,3.73,30790875.00,6567.00,2503.00,580.00,460.00,74.80,3274969.00,1180.00,1239.00,470.00,279.00,40.00,168.00,65.00,639.00,226.00,525.00,412.00,420.00,778.00,782.00,378.00,1815.00,4108.00,26.00,1782.00,715.00,2240.00,1977.00
84117 (Salt Lake City),25396.00,0.01,59280.00,89473.00,39.50,10487.00,2.39,41048012.00,2686.00,5232.00,2932.00,1332.00,32.30,4331743.00,1856.00,934.00,458.00,397.00,132.00,114.00,271.00,850.00,406.00,923.00,219.00,167.00,589.00,188.00,362.00,1381.00,1858.00,0.00,456.00,268.00,440.00,428.00
84116 (Salt Lake City),35486.00,0.01,42335.00,54030.00,29.60,10688.00,3.28,23866960.00,4773.00,2283.00,1009.00,1004.00,85.60,2553144.00,680.00,581.00,303.00,94.00,121.00,175.00,40.00,546.00,280.00,290.00,232.00,240.00,1849.00,1339.00,428.00,1194.00,2700.00,18.00,1434.00,360.00,2356.00,1039.00
84115 (Salt Lake City),26542.00,0.01,36796.00,48132.00,32.50,10904.00,2.40,21385381.00,3318.00,2996.00,1403.00,2825.00,75.50,2210859.00,833.00,317.00,383.00,153.00,128.00,408.00,101.00,654.00,185.00,440.00,234.00,228.00,968.00,694.00,199.00,1556.00,1794.00,84.00,787.00,204.00,901.00,1228.00
84113 (Salt Lake City),250.00,0.00,10500.00,14821.00,20.60,14.00,7.00,7164.00,7.00,14.00,12.00,53.00,57.20,699.00,3.00,0.00,2.00,2.00,4.00,0.00,0.00,19.00,3.00,3.00,3.00,4.00,5.00,7.00,7.00,8.00,14.00,0.00,0.00,0.00,2.00,3.00
84112 (Salt Lake City),1610.00,0.00,15840.00,61932.00,21.00,166.00,4.99,372152.00,47.00,110.00,114.00,131.00,56.00,37590.00,30.00,3.00,14.00,13.00,26.00,6.00,4.00,116.00,29.00,22.00,18.00,22.00,36.00,38.00,47.00,51.00,97.00,0.00,0.00,3.00,9.00,21.00
84111 (Salt Lake City),10694.00,0.01,26767.00,39666.00,33.60,5734.00,1.81,9243175.00,1181.00,1581.00,853.00,1996.00,68.10,940773.00,396.00,257.00,180.00,84.00,75.00,187.00,43.00,362.00,222.00,227.00,151.00,40.00,678.00,242.00,162.00,614.00,663.00,0.00,172.00,83.00,254.00,288.00
84109 (Salt Lake City),24808.00,0.01,77775.00,101096.00,36.80,9027.00,2.73,38660853.00,1764.00,5983.00,3683.00,821.00,24.50,4250751.00,1906.00,839.00,480.00,209.00,171.00,173.00,404.00,966.00,326.00,1040.00,251.00,225.00,287.00,285.00,155.00,1490.00,1831.00,0.00,308.00,205.00,437.00,425.00
84119 (West Valley City),51682.00,0.01,44254.00,54509.00,29.90,15988.00,3.08,36127907.00,8358.00,2774.00,1023.00,2304.00,80.20,3807772.00,1245.00,972.00,484.00,192.00,62.00,234.00,185.00,543.00,167.00,333.00,266.00,402.00,1617.00,1569.00,979.00,2264.00,4548.00,81.00,2274.00,907.00,2593.00,2001.00
84304 (Cache Junction),96.00,0.01,50000.00,70193.00,32.50,28.00,3.43,88736.00,12.00,13.00,4.00,2.00,20.80,9371.00,6.00,0.00,0.00,0.00,0.00,0.00,0.00,3.00,0.00,2.00,0.00,3.00,1.00,4.00,1.00,3.00,8.00,0.00,4.00,1.00,3.00,2.00
84305 (Clarkston),781.00,0.01,65363.00,73909.00,31.50,248.00,3.15,896890.00,164.00,79.00,23.00,7.00,10.50,89913.00,32.00,13.00,15.00,12.00,0.00,0.00,12.00,14.00,1.00,8.00,1.00,6.00,3.00,36.00,16.00,17.00,47.00,5.00,29.00,3.00,46.00,21.00
84306 (Collinston),404.00,0.01,65154.00,73274.00,33.50,130.00,3.11,444543.00,74.00,29.00,15.00,11.00,19.10,45943.00,20.00,5.00,0.00,4.00,0.00,0.00,0.00,17.00,1.00,7.00,8.00,3.00,4.00,3.00,5.00,18.00,23.00,8.00,13.00,8.00,28.00,30.00
84307 (Corinne),1503.00,0.01,56220.00,82931.00,32.10,495.00,3.03,1866469.00,285.00,170.00,56.00,50.00,36.50,185683.00,45.00,31.00,17.00,16.00,2.00,4.00,2.00,63.00,1.00,38.00,6.00,2.00,20.00,6.00,12.00,93.00,70.00,30.00,12.00,33.00,93.00,93.00
84308 (Cornish),351.00,0.00,48961.00,71106.00,31.90,102.00,3.44,355003.00,67.00,34.00,9.00,3.00,43.90,35582.00,32.00,4.00,0.00,2.00,2.00,0.00,0.00,6.00,0.00,3.00,6.00,2.00,4.00,2.00,4.00,11.00,14.00,33.00,4.00,1.00,13.00,10.00
84309 (Deweyville),539.00,0.01,60188.00,69449.00,37.30,188.00,2.87,639072.00,117.00,50.00,15.00,4.00,15.60,64054.00,22.00,8.00,0.00,7.00,0.00,0.00,0.00,12.00,1.00,10.00,6.00,0.00,6.00,6.00,8.00,18.00,34.00,2.00,20.00,16.00,31.00,45.00
84310 (Eden),4416.00,0.03,88650.00,112019.00,43.00,1421.00,3.10,7191124.00,644.00,637.00,387.00,175.00,14.50,759464.00,360.00,139.00,24.00,31.00,12.00,17.00,2.00,192.00,19.00,116.00,62.00,34.00,28.00,116.00,106.00,249.00,163.00,17.00,151.00,89.00,69.00,145.00
84311 (Fielding),539.00,0.01,69347.00,76889.00,31.60,176.00,3.06,610977.00,87.00,32.00,23.00,19.00,21.50,64522.00,33.00,5.00,0.00,4.00,0.00,1.00,0.00,28.00,1.00,12.00,13.00,6.00,4.00,3.00,8.00,27.00,25.00,16.00,11.00,11.00,44.00,30.00
84312 (Garland),4566.00,0.01,59999.00,69695.00,30.20,1428.00,3.20,4549510.00,805.00,336.00,126.00,65.00,27.70,461090.00,166.00,51.00,20.00,34.00,18.00,1.00,0.00,88.00,2.00,78.00,52.00,30.00,69.00,69.00,58.00,111.00,179.00,85.00,100.00,135.00,425.00,167.00
84313 (Grouse Creek),87.00,0.01,56696.00,65069.00,30.40,35.00,2.43,123973.00,14.00,11.00,0.00,4.00,41.60,11250.00,13.00,1.00,0.00,0.00,0.00,0.00,0.00,3.00,0.00,0.00,0.00,0.00,2.00,1.00,0.00,3.00,0.00,9.00,2.00,0.00,1.00,4.00
84314 (Honeyville),1158.00,0.01,52549.00,62476.00,33.60,366.00,3.16,1115673.00,251.00,78.00,51.00,20.00,21.40,112052.00,53.00,20.00,12.00,13.00,0.00,1.00,0.00,53.00,1.00,10.00,7.00,7.00,6.00,24.00,18.00,19.00,51.00,2.00,48.00,10.00,66.00,53.00
84315 (Hooper),8544.00,0.01,84120.00,91934.00,31.80,2444.00,3.50,9732945.00,1153.00,856.00,380.00,100.00,21.60,1034770.00,361.00,370.00,285.00,96.00,3.00,31.00,13.00,164.00,83.00,254.00,46.00,112.00,167.00,99.00,136.00,276.00,706.00,0.00,263.00,158.00,182.00,329.00
84316 (Howell),256.00,0.01,72768.00,74928.00,31.00,91.00,2.81,294154.00,48.00,26.00,8.00,3.00,18.60,31630.00,16.00,2.00,3.00,3.00,1.00,1.00,0.00,6.00,0.00,4.00,2.00,0.00,6.00,3.00,0.00,4.00,15.00,8.00,3.00,2.00,16.00,16.00
84317 (Huntsville),2684.00,0.02,83738.00,100295.00,43.50,921.00,2.91,4193500.00,385.00,404.00,256.00,84.00,13.90,443065.00,236.00,101.00,10.00,16.00,4.00,6.00,6.00,130.00,14.00,59.00,41.00,42.00,14.00,41.00,56.00,146.00,107.00,10.00,74.00,47.00,37.00,98.00
84318 (Hyde Park),4638.00,0.02,70633.00,92648.00,29.00,1282.00,3.62,5005207.00,422.00,735.00,447.00,128.00,19.30,536569.00,259.00,94.00,75.00,56.00,38.00,29.00,30.00,219.00,32.00,112.00,41.00,29.00,84.00,57.00,50.00,211.00,190.00,27.00,52.00,55.00,142.00,66.00
84319 (Hyrum),8757.00,0.01,58207.00,70638.00,27.20,2434.00,3.60,7488854.00,1168.00,807.00,284.00,161.00,48.80,776118.00,147.00,113.00,75.00,76.00,12.00,79.00,14.00,334.00,71.00,194.00,32.00,36.00,199.00,152.00,58.00,326.00,396.00,9.00,172.00,123.00,651.00,320.00
84320 (Lewiston),2274.00,0.01,54207.00,70149.00,31.20,715.00,3.17,2266094.00,386.00,236.00,71.00,62.00,36.40,226042.00,126.00,25.00,8.00,15.00,9.00,6.00,3.00,54.00,2.00,15.00,59.00,4.00,32.00,48.00,23.00,84.00,87.00,64.00,36.00,40.00,192.00,75.00
84321 (Logan),45948.00,0.01,42019.00,58180.00,25.20,14489.00,3.01,34528554.00,3845.00,6050.00,2589.00,1736.00,48.00,3570605.00,1911.00,665.00,515.00,484.00,273.00,276.00,41.00,2496.00,645.00,674.00,429.00,221.00,1225.00,726.00,872.00,2285.00,3002.00,227.00,671.00,534.00,2662.00,1052.00
84324 (Mantua),773.00,0.02,76055.00,84034.00,42.50,255.00,3.03,968098.00,169.00,119.00,55.00,13.00,16.60,102242.00,43.00,36.00,5.00,22.00,0.00,4.00,0.00,42.00,0.00,18.00,0.00,2.00,11.00,10.00,8.00,12.00,65.00,1.00,11.00,14.00,31.00,31.00
84325 (Mendon),2320.00,0.01,77769.00,101112.00,30.70,638.00,3.62,2911777.00,284.00,332.00,125.00,34.00,16.10,307206.00,117.00,40.00,32.00,28.00,1.00,12.00,2.00,106.00,3.00,52.00,19.00,19.00,14.00,23.00,6.00,78.00,99.00,50.00,70.00,8.00,56.00,68.00
84036 (Kamas),7471.00,0.06,61436.00,79368.00,35.20,2492.00,3.00,8631461.00,1288.00,926.00,306.00,241.00,40.10,894955.00,385.00,61.00,27.00,84.00,6.00,39.00,5.00,100.00,74.00,178.00,64.00,54.00,193.00,321.00,95.00,318.00,476.00,4.00,407.00,213.00,71.00,172.00
84056 (Hill Afb),3272.00,0.02,43958.00,52898.00,22.60,887.00,3.17,1712223.00,184.00,208.00,69.00,79.00,49.40,184069.00,67.00,64.00,18.00,17.00,2.00,19.00,0.00,9.00,0.00,33.00,18.00,32.00,64.00,0.00,63.00,68.00,68.00,0.00,56.00,114.00,19.00,44.00
84057 (Orem),37904.00,0.01,53707.00,68457.00,27.90,11114.00,3.40,31782814.00,3497.00,4976.00,1761.00,1556.00,59.40,3331187.00,1223.00,731.00,970.00,172.00,84.00,255.00,115.00,1147.00,511.00,504.00,371.00,204.00,998.00,618.00,448.00,1880.00,2585.00,155.00,873.00,410.00,1078.00,977.00
84058 (Orem),34084.00,0.02,56257.00,72748.00,26.20,10122.00,3.24,30446258.00,2275.00,4530.00,2295.00,1213.00,49.30,3136648.00,1467.00,845.00,722.00,210.00,32.00,279.00,144.00,1369.00,490.00,620.00,619.00,275.00,1113.00,396.00,377.00,2230.00,2923.00,53.00,643.00,353.00,754.00,731.00
84060 (Park City),8434.00,0.02,88418.00,121223.00,39.00,3179.00,2.64,15550232.00,588.00,2315.00,1294.00,1396.00,60.20,1782645.00,780.00,272.00,128.00,132.00,9.00,39.00,11.00,88.00,296.00,181.00,17.00,57.00,306.00,575.00,143.00,652.00,307.00,0.00,68.00,2.00,100.00,212.00
84061 (Peoa),576.00,0.02,77343.00,86778.00,35.40,216.00,2.64,799204.00,91.00,64.00,37.00,17.00,26.40,85792.00,33.00,8.00,4.00,9.00,0.00,1.00,1.00,14.00,7.00,14.00,3.00,10.00,12.00,34.00,9.00,20.00,32.00,1.00,27.00,18.00,5.00,15.00
84062 (Pleasant Grove),46793.00,0.01,72153.00,89736.00,26.20,12712.00,3.68,47553975.00,3510.00,6834.00,3183.00,967.00,28.00,5022458.00,2085.00,813.00,1043.00,396.00,33.00,236.00,64.00,1729.00,423.00,1173.00,422.00,249.00,856.00,633.00,894.00,2759.00,2876.00,21.00,879.00,437.00,860.00,943.00
84063 (Randlett),809.00,0.03,45382.00,55678.00,31.20,255.00,3.16,751432.00,184.00,23.00,13.00,18.00,69.40,63062.00,27.00,0.00,2.00,5.00,0.00,0.00,0.00,10.00,3.00,10.00,1.00,1.00,1.00,28.00,11.00,23.00,31.00,0.00,31.00,7.00,16.00,29.00
84064 (Randolph),729.00,0.00,55775.00,64581.00,32.80,248.00,2.94,871858.00,188.00,49.00,6.00,46.00,16.50,79235.00,69.00,4.00,0.00,6.00,0.00,0.00,0.00,29.00,0.00,8.00,6.00,6.00,14.00,12.00,19.00,16.00,32.00,13.00,75.00,21.00,20.00,27.00
84065 (Riverton),41329.00,0.03,90335.00,104706.00,29.80,11020.00,3.75,48577340.00,5043.00,4933.00,2290.00,1154.00,22.60,5237251.00,2980.00,1180.00,732.00,418.00,59.00,124.00,146.00,1435.00,368.00,946.00,251.00,487.00,743.00,576.00,568.00,2434.00,3288.00,78.00,1032.00,788.00,962.00,967.00
84066 (Roosevelt),13919.00,0.03,59171.00,72327.00,29.30,4321.00,3.19,14727509.00,2469.00,953.00,353.00,745.00,44.20,1412946.00,382.00,94.00,32.00,65.00,25.00,59.00,22.00,321.00,39.00,229.00,98.00,50.00,194.00,170.00,117.00,325.00,657.00,39.00,783.00,283.00,170.00,518.00
84067 (Roy),38760.00,0.01,61844.00,70689.00,31.30,12722.00,3.04,38837077.00,6190.00,3626.00,1125.00,668.00,45.60,4074391.00,1601.00,950.00,409.00,385.00,56.00,170.00,59.00,911.00,211.00,783.00,292.00,403.00,739.00,650.00,592.00,1932.00,2823.00,91.00,1260.00,1037.00,1914.00,1154.00
84327 (Newton),754.00,0.01,52249.00,68910.00,33.00,225.00,3.35,700023.00,94.00,101.00,28.00,24.00,22.00,73926.00,42.00,1.00,0.00,4.00,3.00,3.00,0.00,22.00,0.00,13.00,0.00,23.00,6.00,29.00,8.00,25.00,56.00,3.00,34.00,12.00,24.00,15.00
84328 (Paradise),1522.00,0.01,65006.00,77588.00,35.80,453.00,3.36,1585644.00,233.00,146.00,133.00,25.00,12.50,167501.00,80.00,22.00,18.00,29.00,2.00,19.00,3.00,72.00,6.00,18.00,21.00,9.00,9.00,13.00,18.00,42.00,94.00,59.00,61.00,10.00,45.00,21.00
84329 (Park Valley),236.00,0.01,54758.00,66137.00,33.20,72.00,3.24,259216.00,51.00,29.00,0.00,4.00,42.00,23523.00,35.00,2.00,0.00,0.00,0.00,0.00,0.00,9.00,0.00,0.00,0.00,1.00,5.00,4.00,1.00,7.00,1.00,24.00,5.00,0.00,3.00,10.00
84330 (Plymouth),389.00,0.02,60498.00,91432.00,33.40,120.00,3.24,495367.00,88.00,30.00,16.00,12.00,17.10,52313.00,30.00,8.00,0.00,3.00,1.00,0.00,0.00,8.00,1.00,10.00,5.00,1.00,6.00,5.00,3.00,10.00,17.00,12.00,4.00,3.00,17.00,14.00
84331 (Portage),425.00,0.02,61002.00,91107.00,33.10,137.00,3.10,563534.00,95.00,33.00,17.00,4.00,17.00,59512.00,31.00,9.00,0.00,4.00,1.00,0.00,0.00,9.00,1.00,11.00,5.00,2.00,6.00,6.00,4.00,11.00,18.00,13.00,4.00,3.00,19.00,15.00
84332 (Providence),9550.00,0.01,63726.00,80100.00,30.60,2903.00,3.29,10027983.00,870.00,1470.00,1012.00,234.00,19.40,1056873.00,529.00,221.00,95.00,52.00,50.00,80.00,5.00,470.00,113.00,230.00,89.00,71.00,180.00,98.00,167.00,339.00,548.00,54.00,177.00,75.00,306.00,152.00
84333 (Richmond),3078.00,0.01,56008.00,66900.00,30.90,943.00,3.26,2832534.00,546.00,371.00,148.00,70.00,18.50,292204.00,170.00,40.00,49.00,28.00,20.00,0.00,0.00,87.00,8.00,30.00,29.00,11.00,93.00,64.00,32.00,154.00,141.00,67.00,81.00,56.00,125.00,67.00
84334 (Riverside),185.00,0.01,68731.00,76311.00,32.00,76.00,2.43,261847.00,30.00,11.00,8.00,15.00,21.50,27652.00,11.00,2.00,0.00,1.00,0.00,0.00,0.00,10.00,0.00,4.00,4.00,2.00,2.00,1.00,3.00,9.00,9.00,6.00,4.00,4.00,15.00,10.00
84002 (Altonah),269.00,0.03,60233.00,71032.00,31.90,87.00,3.09,298662.00,53.00,16.00,13.00,2.00,12.60,29913.00,16.00,0.00,0.00,2.00,0.00,0.00,0.00,8.00,4.00,8.00,0.00,0.00,5.00,1.00,3.00,2.00,6.00,2.00,14.00,6.00,8.00,7.00
84035 (Jensen),876.00,0.02,54687.00,69886.00,32.00,310.00,2.83,963340.00,150.00,61.00,0.00,28.00,29.50,95996.00,41.00,1.00,0.00,11.00,0.00,0.00,0.00,22.00,1.00,8.00,3.00,4.00,12.00,19.00,7.00,18.00,68.00,1.00,38.00,24.00,27.00,47.00
84037 (Kaysville),38047.00,0.02,91789.00,107043.00,29.50,10558.00,3.60,47607688.00,2893.00,6504.00,3337.00,912.00,18.80,5167661.00,2343.00,1066.00,835.00,460.00,70.00,175.00,233.00,1378.00,281.00,807.00,261.00,346.00,601.00,542.00,551.00,2029.00,2375.00,14.00,465.00,421.00,631.00,693.00
84038 (Laketown),326.00,0.00,53137.00,65370.00,38.20,121.00,2.69,430607.00,66.00,37.00,6.00,22.00,13.20,39643.00,30.00,1.00,0.00,0.00,1.00,0.00,0.00,9.00,0.00,3.00,6.00,1.00,3.00,28.00,2.00,8.00,10.00,14.00,18.00,7.00,2.00,9.00
84039 (Lapoint),925.00,0.03,55837.00,66132.00,30.90,274.00,3.38,927662.00,187.00,69.00,19.00,28.00,56.40,80763.00,17.00,7.00,2.00,6.00,2.00,5.00,1.00,24.00,2.00,17.00,0.00,1.00,8.00,23.00,9.00,14.00,48.00,13.00,25.00,26.00,15.00,26.00
84040 (Layton),25594.00,0.02,88899.00,108949.00,34.40,7875.00,3.25,36709562.00,2254.00,4239.00,1947.00,337.00,31.20,3969820.00,1661.00,1009.00,454.00,568.00,90.00,92.00,92.00,783.00,241.00,700.00,151.00,199.00,586.00,170.00,363.00,1425.00,1805.00,31.00,491.00,424.00,540.00,540.00
84041 (Layton),49672.00,0.02,57998.00,71430.00,28.70,15942.00,3.11,48280243.00,6140.00,5872.00,1929.00,1935.00,49.40,5029053.00,2215.00,1197.00,783.00,416.00,172.00,341.00,154.00,1258.00,170.00,981.00,280.00,458.00,1606.00,535.00,650.00,2179.00,3749.00,106.00,1233.00,833.00,1653.00,1290.00
84042 (Lindon),10825.00,0.02,88524.00,104758.00,27.80,2702.00,3.99,11882669.00,650.00,1573.00,793.00,569.00,31.20,1280696.00,537.00,240.00,267.00,26.00,25.00,21.00,117.00,290.00,116.00,258.00,159.00,109.00,186.00,160.00,96.00,746.00,631.00,26.00,157.00,124.00,78.00,225.00
84043 (Lehi),61504.00,0.03,76174.00,89768.00,25.30,15679.00,3.92,58539664.00,4361.00,9564.00,3000.00,1346.00,27.70,6266833.00,3136.00,1604.00,1537.00,747.00,134.00,329.00,217.00,1355.00,470.00,1513.00,447.00,523.00,1163.00,637.00,652.00,2947.00,3341.00,37.00,1061.00,630.00,1120.00,1004.00
84044 (Magna),27879.00,0.01,57238.00,68633.00,29.30,8048.00,3.46,23588739.00,4692.00,1436.00,364.00,357.00,63.50,2485967.00,610.00,412.00,378.00,202.00,70.00,124.00,153.00,397.00,81.00,233.00,229.00,266.00,513.00,541.00,260.00,1347.00,2614.00,59.00,1030.00,585.00,1560.00,1384.00
84045 (Saratoga Springs),24240.00,0.05,76890.00,93426.00,23.30,5797.00,4.18,22282516.00,1337.00,3635.00,1296.00,281.00,26.80,2398292.00,1219.00,497.00,893.00,276.00,94.00,154.00,109.00,742.00,241.00,786.00,152.00,279.00,223.00,186.00,177.00,906.00,1084.00,53.00,290.00,247.00,330.00,546.00
84046 (Manila),795.00,0.00,41529.00,57876.00,43.70,318.00,2.35,1001944.00,187.00,88.00,25.00,73.00,18.20,92243.00,70.00,0.00,7.00,0.00,0.00,0.00,8.00,17.00,0.00,0.00,3.00,5.00,21.00,22.00,7.00,28.00,22.00,23.00,21.00,7.00,8.00,25.00
84047 (Midvale),30451.00,0.01,50731.00,63034.00,32.40,12256.00,2.48,31964189.00,4355.00,3448.00,1600.00,2092.00,64.00,3319473.00,1295.00,954.00,528.00,343.00,68.00,184.00,94.00,690.00,293.00,635.00,354.00,248.00,1302.00,698.00,474.00,1642.00,3131.00,13.00,970.00,578.00,857.00,754.00
84049 (Midway),6047.00,0.03,79828.00,109539.00,38.20,2011.00,3.01,9663536.00,493.00,849.00,575.00,162.00,22.80,1082802.00,395.00,139.00,82.00,14.00,0.00,20.00,4.00,153.00,42.00,155.00,22.00,48.00,65.00,199.00,53.00,267.00,323.00,2.00,224.00,64.00,71.00,76.00
84050 (Morgan),11191.00,0.03,78641.00,95936.00,32.40,3322.00,3.37,14146423.00,1629.00,1644.00,665.00,308.00,12.50,1498050.00,727.00,195.00,98.00,129.00,45.00,32.00,41.00,331.00,37.00,283.00,80.00,86.00,98.00,114.00,177.00,437.00,416.00,44.00,428.00,191.00,328.00,236.00
84051 (Mountain Home),549.00,0.03,58597.00,69038.00,31.80,177.00,3.10,598498.00,110.00,30.00,27.00,11.00,10.40,59957.00,32.00,0.00,1.00,1.00,0.00,0.00,0.00,15.00,7.00,16.00,0.00,0.00,12.00,1.00,7.00,2.00,10.00,4.00,31.00,13.00,18.00,12.00
84052 (Myton),1485.00,0.03,50162.00,62260.00,32.70,504.00,2.94,1656317.00,286.00,41.00,43.00,59.00,56.80,140575.00,33.00,8.00,2.00,11.00,1.00,1.00,0.00,17.00,3.00,18.00,2.00,1.00,22.00,37.00,5.00,34.00,47.00,49.00,88.00,35.00,41.00,69.00
84053 (Neola),655.00,0.03,62373.00,80663.00,32.10,195.00,3.30,834312.00,142.00,52.00,18.00,23.00,27.50,69853.00,18.00,4.00,1.00,1.00,4.00,10.00,0.00,15.00,1.00,16.00,0.00,2.00,3.00,3.00,7.00,7.00,16.00,3.00,39.00,7.00,7.00,39.00
84054 (North Salt Lake),19688.00,0.03,80027.00,103419.00,30.50,6300.00,3.12,27093395.00,1973.00,3018.00,1728.00,748.00,43.30,2903977.00,1124.00,598.00,415.00,99.00,49.00,134.00,196.00,529.00,162.00,686.00,153.00,64.00,498.00,297.00,379.00,950.00,1333.00,0.00,352.00,303.00,298.00,677.00
84055 (Oakley),1281.00,0.01,70996.00,81330.00,35.10,428.00,2.99,1479357.00,265.00,126.00,95.00,57.00,22.70,157790.00,83.00,23.00,3.00,14.00,1.00,2.00,3.00,47.00,29.00,40.00,5.00,36.00,36.00,88.00,20.00,29.00,68.00,0.00,63.00,27.00,11.00,41.00
84013 (Cedar Valley),1659.00,0.02,77550.00,80600.00,28.60,463.00,3.58,1609160.00,224.00,112.00,40.00,17.00,31.00,168426.00,78.00,23.00,8.00,14.00,4.00,26.00,2.00,38.00,16.00,47.00,13.00,46.00,18.00,29.00,5.00,130.00,109.00,19.00,52.00,42.00,36.00,64.00
84014 (Centerville),16786.00,0.02,83451.00,101418.00,34.80,5367.00,3.12,23834933.00,1701.00,3035.00,1494.00,563.00,19.50,2573584.00,1047.00,664.00,338.00,196.00,57.00,90.00,168.00,649.00,169.00,465.00,68.00,115.00,334.00,150.00,119.00,1012.00,1217.00,24.00,193.00,152.00,286.00,375.00
84015 (Clearfield),65609.00,0.01,61098.00,70730.00,28.60,20241.00,3.23,60811322.00,8985.00,6404.00,1843.00,1295.00,45.60,6358772.00,2765.00,1963.00,1108.00,892.00,132.00,318.00,228.00,1408.00,226.00,1280.00,773.00,836.00,1134.00,701.00,793.00,2707.00,4433.00,177.00,1373.00,1377.00,2674.00,1933.00
84016 (Clearfield),1108.00,0.00,41213.00,49408.00,21.10,36.00,3.31,68305.00,20.00,26.00,0.00,49.00,86.30,6707.00,80.00,50.00,33.00,20.00,6.00,10.00,13.00,49.00,33.00,41.00,20.00,22.00,34.00,37.00,35.00,97.00,126.00,1.00,62.00,41.00,45.00,51.00
84017 (Coalville),4599.00,0.02,68753.00,82284.00,35.30,1547.00,2.95,5806922.00,820.00,430.00,251.00,190.00,32.90,579598.00,224.00,55.00,38.00,37.00,1.00,0.00,3.00,119.00,21.00,80.00,33.00,39.00,120.00,140.00,67.00,266.00,244.00,63.00,246.00,58.00,113.00,136.00
84018 (Croydon),155.00,0.04,83333.00,108519.00,28.20,36.00,4.31,166030.00,18.00,19.00,10.00,5.00,12.20,17708.00,12.00,3.00,2.00,2.00,0.00,1.00,1.00,2.00,1.00,4.00,0.00,1.00,0.00,2.00,5.00,4.00,4.00,1.00,6.00,3.00,2.00,1.00
84020 (Draper),46894.00,0.02,98007.00,120729.00,31.60,12766.00,3.36,63378287.00,4667.00,6811.00,4109.00,1899.00,32.00,6860291.00,3851.00,1270.00,1024.00,372.00,220.00,257.00,368.00,1045.00,286.00,1358.00,312.00,218.00,715.00,222.00,485.00,3128.00,2671.00,34.00,567.00,356.00,511.00,723.00
84021 (Duchesne),3668.00,0.03,51053.00,64509.00,33.50,1184.00,2.97,3693735.00,734.00,209.00,89.00,180.00,24.90,351878.00,133.00,2.00,6.00,26.00,13.00,2.00,2.00,111.00,6.00,16.00,29.00,36.00,49.00,54.00,30.00,70.00,94.00,7.00,151.00,41.00,42.00,129.00
84022 (Dugway),901.00,0.01,64603.00,71246.00,30.00,319.00,2.74,840733.00,173.00,94.00,23.00,44.00,48.10,89883.00,62.00,7.00,0.00,12.00,6.00,0.00,0.00,5.00,7.00,1.00,0.00,27.00,19.00,16.00,11.00,12.00,39.00,6.00,17.00,19.00,9.00,26.00
84023 (Dutch John),267.00,0.00,38897.00,58062.00,43.10,105.00,2.39,331894.00,62.00,30.00,8.00,46.00,17.90,30555.00,22.00,0.00,3.00,0.00,0.00,0.00,3.00,6.00,0.00,0.00,1.00,2.00,7.00,7.00,2.00,9.00,8.00,8.00,7.00,3.00,3.00,8.00
84024 (Echo),0.00,0.00,0.00,0.00,0.00,0.00,0.00,0.00,0.00,0.00,0.00,0.00,0.00,0.00,0.00,0.00,0.00,0.00,0.00,0.00,0.00,0.00,0.00,0.00,0.00,0.00,0.00,0.00,0.00,0.00,0.00,0.00,0.00,0.00,0.00,0.00
84025 (Farmington),21544.00,0.02,87979.00,109796.00,30.10,6158.00,3.40,28255787.00,1531.00,3742.00,2060.00,530.00,18.80,3067514.00,1286.00,839.00,546.00,213.00,69.00,79.00,316.00,844.00,341.00,836.00,150.00,142.00,250.00,149.00,384.00,1224.00,1151.00,0.00,300.00,244.00,163.00,450.00
84026 (Fort Duchesne),1537.00,0.03,43000.00,55524.00,30.40,455.00,3.38,1340022.00,322.00,43.00,39.00,82.00,55.90,112194.00,23.00,1.00,0.00,2.00,2.00,2.00,0.00,42.00,3.00,2.00,7.00,7.00,16.00,40.00,10.00,34.00,80.00,3.00,55.00,29.00,13.00,67.00
84027 (Fruitland),585.00,0.03,49508.00,58108.00,48.20,236.00,2.48,746562.00,140.00,31.00,15.00,15.00,22.90,68732.00,16.00,1.00,0.00,0.00,2.00,1.00,0.00,17.00,0.00,2.00,2.00,7.00,11.00,4.00,2.00,4.00,8.00,0.00,30.00,8.00,5.00,14.00
84028 (Garden City),807.00,0.00,52669.00,65332.00,38.00,314.00,2.57,1116795.00,167.00,91.00,14.00,93.00,12.80,102817.00,73.00,3.00,0.00,1.00,2.00,0.00,0.00,23.00,1.00,7.00,14.00,3.00,7.00,69.00,5.00,20.00,24.00,34.00,44.00,18.00,6.00,22.00
84029 (Grantsville),10337.00,0.02,65354.00,71365.00,30.80,3186.00,3.24,9865974.00,1827.00,1056.00,338.00,222.00,23.90,1005860.00,432.00,165.00,61.00,124.00,47.00,14.00,95.00,364.00,47.00,145.00,136.00,88.00,205.00,173.00,94.00,355.00,842.00,34.00,186.00,304.00,316.00,542.00
84031 (Hanna),98.00,0.03,50000.00,58107.00,49.20,36.00,2.72,113880.00,25.00,5.00,2.00,5.00,23.60,10484.00,3.00,0.00,0.00,0.00,0.00,0.00,0.00,3.00,0.00,0.00,0.00,1.00,2.00,1.00,0.00,1.00,1.00,0.00,6.00,1.00,1.00,2.00
84032 (Heber City),22233.00,0.04,64150.00,83036.00,30.90,6538.00,3.36,23367845.00,2194.00,2899.00,1540.00,830.00,47.70,2423481.00,919.00,508.00,174.00,139.00,9.00,85.00,51.00,928.00,132.00,541.00,121.00,108.00,544.00,762.00,271.00,1046.00,1053.00,23.00,682.00,284.00,339.00,602.00
84033 (Henefer),568.00,0.02,58656.00,61652.00,31.40,185.00,3.07,509786.00,106.00,57.00,17.00,19.00,12.00,50462.00,18.00,7.00,0.00,3.00,0.00,0.00,0.00,25.00,1.00,3.00,3.00,7.00,7.00,18.00,5.00,18.00,24.00,1.00,18.00,11.00,19.00,7.00
84034 (Ibapah),34.00,0.00,41420.00,56027.00,37.50,9.00,3.67,26890.00,7.00,3.00,1.00,23.00,34.60,2462.00,1.00,0.00,0.00,0.00,0.00,0.00,0.00,1.00,0.00,0.00,0.00,1.00,0.00,0.00,0.00,1.00,3.00,1.00,3.00,0.00,1.00,2.00
84001 (Altamont),875.00,0.03,67025.00,78322.00,31.40,282.00,3.10,1007546.00,165.00,65.00,27.00,50.00,19.70,101851.00,40.00,1.00,4.00,18.00,3.00,0.00,1.00,28.00,16.00,23.00,4.00,1.00,9.00,13.00,4.00,21.00,29.00,6.00,41.00,20.00,16.00,34.00
84003 (American Fork),46867.00,0.02,80427.00,99727.00,26.90,12089.00,3.86,50578916.00,3369.00,6975.00,3454.00,1666.00,23.40,5417718.00,2355.00,994.00,886.00,384.00,205.00,211.00,178.00,1560.00,418.00,867.00,348.00,405.00,783.00,637.00,715.00,2395.00,2384.00,58.00,842.00,427.00,634.00,677.00
84004 (Alpine),10763.00,0.02,119891.00,161446.00,28.10,2682.00,4.01,17636989.00,471.00,1802.00,1031.00,263.00,15.10,1995204.00,729.00,387.00,161.00,14.00,16.00,9.00,122.00,290.00,130.00,189.00,49.00,122.00,185.00,100.00,131.00,557.00,422.00,0.00,192.00,70.00,58.00,99.00
84005 (Eagle Mountain),28038.00,0.06,66941.00,81185.00,21.20,6558.00,4.28,22096220.00,1743.00,3639.00,759.00,171.00,31.40,2352566.00,1263.00,457.00,537.00,413.00,30.00,117.00,23.00,685.00,249.00,570.00,174.00,261.00,337.00,136.00,219.00,1288.00,1725.00,0.00,586.00,430.00,531.00,537.00
84006 (Bingham Canyon),906.00,0.01,52631.00,57675.00,33.30,305.00,2.97,781321.00,175.00,34.00,1.00,16.00,38.30,77939.00,28.00,37.00,95.00,2.00,1.00,12.00,0.00,1.00,26.00,13.00,0.00,0.00,1.00,3.00,2.00,51.00,170.00,0.00,20.00,33.00,1.00,1.00
84007 (Bluebell),888.00,0.03,65982.00,78881.00,31.90,262.00,3.39,947082.00,158.00,59.00,27.00,14.00,23.10,98773.00,37.00,1.00,7.00,18.00,3.00,1.00,2.00,27.00,13.00,19.00,5.00,2.00,7.00,13.00,4.00,24.00,34.00,6.00,40.00,16.00,13.00,39.00
84008 (Bonanza),22.00,0.03,45419.00,57693.00,28.30,19.00,1.16,58142.00,4.00,1.00,0.00,1.00,71.40,4868.00,1.00,0.00,0.00,0.00,0.00,0.00,0.00,0.00,0.00,0.00,0.00,0.00,0.00,1.00,0.00,1.00,1.00,0.00,1.00,0.00,1.00,0.00
84009 (South Jordan),19975.00,0.03,90582.00,103683.00,28.10,5212.00,3.83,21942945.00,1391.00,2981.00,1439.00,286.00,34.90,2404899.00,1430.00,781.00,526.00,266.00,23.00,62.00,42.00,586.00,222.00,666.00,65.00,99.00,265.00,115.00,126.00,1078.00,1619.00,0.00,447.00,346.00,311.00,175.00
84010 (Bountiful),47424.00,0.01,70329.00,91910.00,34.60,16256.00,2.90,64718524.00,5039.00,8129.00,3906.00,1886.00,27.40,6903168.00,2423.00,1338.00,765.00,414.00,110.00,342.00,360.00,1347.00,622.00,1096.00,599.00,293.00,1181.00,642.00,496.00,2672.00,3147.00,69.00,669.00,475.00,1064.00,1156.00